[
{
  "model": "accounts.user",
  "pk": 1,
  "fields": {
    "password": "pbkdf2_sha256$180000$6sETWy39VLEj$2wOUhUxo6HzWfKL3eajMfy9YYkPC1TpQvhmq0Uyf0nk=",
    "last_login": "2020-07-02T19:43:03.961Z",
    "email": "sparky@email.com",
    "first_name": "Mark",
    "last_name": "Ryan",
    "about": "### Developer\r\nLorem ipsum dolor sit amet, consectetur adipiscing elit, sed do eiusmod tempor incididunt ut labore et dolore magna aliqua. Ut enim ad minim veniam, quis nostrud exercitation ullamco laboris nisi ut aliquip ex ea commodo consequat.",
    "avatar": "avatars/new_avatar_vchwfog.jpg",
    "is_active": true,
    "is_admin": true,
    "skills": [
      2,
      3
    ]
  }
},
{
  "model": "accounts.user",
  "pk": 2,
  "fields": {
    "password": "pbkdf2_sha256$180000$YJq7ceXSPijs$DmflDhDXGLjWcOsrN+LrrrvTJG6QuUmkoVdtxtmh7tY=",
    "last_login": null,
    "email": "jess@email.com",
    "first_name": "Jess",
    "last_name": "",
    "about": "A little about you",
    "avatar": "default_avatars/icons8-customer-100.png",
    "is_active": false,
    "is_admin": false,
    "skills": []
  }
},
{
  "model": "accounts.user",
  "pk": 3,
  "fields": {
    "password": "pbkdf2_sha256$180000$FyXCCneqqedC$EEXUaKDo77gCU5ZAJ6HaNiwzEKRTWg8+pxz7NtaoSn8=",
    "last_login": null,
    "email": "ida@email.com",
    "first_name": "Ida",
    "last_name": "",
    "about": "A little about you",
    "avatar": "default_avatars/icons8-customer-100.png",
    "is_active": false,
    "is_admin": false,
    "skills": []
  }
},
{
  "model": "accounts.user",
  "pk": 4,
  "fields": {
    "password": "pbkdf2_sha256$180000$Dyp7nsfCGrDu$+BhkFGE1wVdRGns47r1NEVMpKoZJrchVs0bKLi55EOI=",
    "last_login": null,
    "email": "larry@email.com",
    "first_name": "Larry",
    "last_name": "",
    "about": "A little about you",
    "avatar": "default_avatars/icons8-customer-100.png",
    "is_active": false,
    "is_admin": false,
    "skills": []
  }
},
{
  "model": "accounts.user",
  "pk": 5,
  "fields": {
    "password": "pbkdf2_sha256$180000$I7vyzSZ95eHy$/TotYrJxWscM9QuP1l7jko1mC4Ylzh/WtBEeSyEbH/4=",
    "last_login": null,
    "email": "jim@email.com",
    "first_name": "Jim",
    "last_name": "",
    "about": "A little about you",
    "avatar": "default_avatars/icons8-customer-100.png",
    "is_active": false,
    "is_admin": false,
    "skills": []
  }
},
{
  "model": "accounts.user",
  "pk": 6,
  "fields": {
    "password": "pbkdf2_sha256$180000$jnWZbPo0oQGg$keDU+oiN185j2s+pqY4rwulR0LltlUXpzoQ9yFWJ2p8=",
    "last_login": null,
    "email": "yara@email.com",
    "first_name": "Yara",
    "last_name": "",
    "about": "A little about you",
    "avatar": "default_avatars/icons8-customer-100.png",
    "is_active": false,
    "is_admin": false,
    "skills": []
  }
},
{
  "model": "accounts.user",
  "pk": 7,
  "fields": {
    "password": "pbkdf2_sha256$180000$9rL42LW7E7ss$JTvAVQFvD0Isw+QmK99PkAPechuzzBsLltI7FNvhjSE=",
    "last_login": null,
    "email": "mike@email.com",
    "first_name": "Mike",
    "last_name": "",
    "about": "A little about you",
    "avatar": "default_avatars/icons8-customer-100.png",
    "is_active": false,
    "is_admin": false,
    "skills": []
  }
},
{
  "model": "accounts.user",
  "pk": 8,
  "fields": {
    "password": "pbkdf2_sha256$180000$qZZnOVEICa8L$VmcX7l8MwZImdJaO+A9wF3vc5ashxL2aRWzWYkKLi2U=",
    "last_login": null,
    "email": "sean@email.com",
    "first_name": "Sean",
    "last_name": "",
    "about": "A little about you",
    "avatar": "default_avatars/icons8-customer-100.png",
    "is_active": false,
    "is_admin": false,
    "skills": []
  }
},
{
  "model": "accounts.user",
  "pk": 9,
  "fields": {
    "password": "pbkdf2_sha256$180000$DGk1TAyKOFuG$i4ibo1+Egaej01+OHZQr0s8n4dE+JHZY/xNaeSNNSG8=",
    "last_login": null,
    "email": "maddie@email.com",
    "first_name": "Maddie",
    "last_name": "",
    "about": "A little about you",
    "avatar": "default_avatars/icons8-customer-100.png",
    "is_active": false,
    "is_admin": false,
    "skills": []
  }
},
{
  "model": "accounts.user",
  "pk": 10,
  "fields": {
    "password": "pbkdf2_sha256$180000$JMMIsj1KpyFh$+vRQFi7+ZiQ0zvpfCU6JpTs+oZtGWW/5q4+lLsd6EbU=",
    "last_login": null,
    "email": "linc@email.com",
    "first_name": "Lincoln",
    "last_name": "",
    "about": "A little about you",
    "avatar": "default_avatars/icons8-customer-100.png",
    "is_active": false,
    "is_admin": false,
    "skills": []
  }
},
{
  "model": "accounts.user",
  "pk": 13,
  "fields": {
    "password": "pbkdf2_sha256$180000$osyUbkUh3w5i$gIw77AvrgUun/2RWiIY5qrhQahAPoqkG8FXmI5ACPBI=",
    "last_login": null,
    "email": "sinead@email.com",
    "first_name": "Sinead",
    "last_name": "",
    "about": "A little about you",
    "avatar": "default_avatars/icons8-customer-100.png",
    "is_active": false,
    "is_admin": false,
    "skills": []
  }
},
{
  "model": "accounts.user",
  "pk": 14,
  "fields": {
    "password": "pbkdf2_sha256$180000$Uv7AXGUIfYVo$ZrtoRcPkQrIRajUx+Pz6yn0fLkBHR/0e/C/jB0uVDuw=",
    "last_login": null,
    "email": "michelle@email.com",
    "first_name": "Michelle",
    "last_name": "",
    "about": "A little about you",
    "avatar": "default_avatars/icons8-customer-100.png",
    "is_active": false,
    "is_admin": false,
    "skills": []
  }
},
{
  "model": "accounts.user",
  "pk": 15,
  "fields": {
    "password": "pbkdf2_sha256$180000$Qeh9gPlafLtk$r87vlhPkO57j/0ohQ6Nlox0jOe6xYgVTHAO86AchzLo=",
    "last_login": null,
    "email": "joe@email.com",
    "first_name": "Joe",
    "last_name": "",
    "about": "A little about you",
    "avatar": "default_avatars/icons8-customer-100.png",
    "is_active": false,
    "is_admin": false,
    "skills": []
  }
},
{
  "model": "accounts.user",
  "pk": 16,
  "fields": {
    "password": "pbkdf2_sha256$180000$f6577DzIO1hn$V8qwGtZuJ6EzWVLi4HrQOCWX08KPa1g/8b63mTJCS44=",
    "last_login": null,
    "email": "lev@email.com",
    "first_name": "Lev",
    "last_name": "",
    "about": "A little about you",
    "avatar": "default_avatars/icons8-customer-100.png",
    "is_active": false,
    "is_admin": false,
    "skills": []
  }
},
{
  "model": "accounts.user",
  "pk": 17,
  "fields": {
    "password": "pbkdf2_sha256$180000$ma95adiJIuuk$QbQE2SE5tx+dorA+uJFFzvAe4O4iZqYo0UMpTh/Wsis=",
    "last_login": null,
    "email": "steve@email.com",
    "first_name": "Steve",
    "last_name": "",
    "about": "A little about you",
    "avatar": "default_avatars/icons8-customer-100.png",
    "is_active": false,
    "is_admin": false,
    "skills": []
  }
},
{
  "model": "accounts.user",
  "pk": 19,
  "fields": {
    "password": "pbkdf2_sha256$180000$w1SLuQjw8Y8y$zmCFir661mffN2r5Ebm/HkOklPTbmnD9c3JIM0yFKgA=",
    "last_login": null,
    "email": "nancy@email.com",
    "first_name": "Nancy",
    "last_name": "",
    "about": "A little about you",
    "avatar": "default_avatars/icons8-customer-100.png",
    "is_active": false,
    "is_admin": false,
    "skills": []
  }
},
{
  "model": "accounts.user",
  "pk": 20,
  "fields": {
    "password": "pbkdf2_sha256$180000$jXdfVY87buzD$fLZsih8gi6MjftDGnQP7FIWtnni4MTCSGXtzvDf+Hsw=",
    "last_login": null,
    "email": "robert@email.com",
    "first_name": "Robert",
    "last_name": "",
    "about": "A little about you",
    "avatar": "default_avatars/icons8-customer-100.png",
    "is_active": false,
    "is_admin": false,
    "skills": []
  }
},
{
  "model": "accounts.user",
  "pk": 23,
  "fields": {
    "password": "pbkdf2_sha256$180000$0asu5EbUYfWv$Lnxtevk1Daa1WTJWtasqvi5RjWQ4gD160J3i4rf0Z4M=",
    "last_login": "2020-01-20T21:48:20.848Z",
    "email": "tony@email.com",
    "first_name": "Tony",
    "last_name": "",
    "about": "A little about you",
    "avatar": "default_avatars/icons8-customer-100.png",
    "is_active": true,
    "is_admin": false,
    "skills": []
  }
},
{
  "model": "accounts.user",
  "pk": 24,
  "fields": {
    "password": "pbkdf2_sha256$180000$FFyTEcrLAeOu$pSxdI/u+ctw/5KxV3ewHeKiYZVZYm2EuG1jW2lJX/QI=",
    "last_login": "2020-01-20T21:50:27.526Z",
    "email": "adam@email.com",
    "first_name": "Adam",
    "last_name": "",
    "about": "A little about you",
    "avatar": "default_avatars/icons8-customer-100.png",
    "is_active": true,
    "is_admin": false,
    "skills": []
  }
},
{
  "model": "accounts.user",
  "pk": 25,
  "fields": {
    "password": "pbkdf2_sha256$180000$S6zYBXi2nh0C$EbJnDkteJM5uXm7Rb6jtKLGlreNvTsqEpl9e/J2onsk=",
    "last_login": "2020-01-20T21:56:45.784Z",
    "email": "stark@email.com",
    "first_name": "Stark",
    "last_name": "",
    "about": "A little about you",
    "avatar": "default_avatars/icons8-customer-100.png",
    "is_active": true,
    "is_admin": false,
    "skills": []
  }
},
{
  "model": "accounts.user",
  "pk": 26,
  "fields": {
    "password": "pbkdf2_sha256$180000$t9meHp63lDSB$P04lrUDzzVZLmwb/4lM5gEx+1FwOizLXSu6xK2+1RRY=",
    "last_login": "2020-01-20T21:59:26.723Z",
    "email": "costa@email.com",
    "first_name": "Costa",
    "last_name": "",
    "about": "A little about you",
    "avatar": "default_avatars/icons8-customer-100.png",
    "is_active": true,
    "is_admin": false,
    "skills": []
  }
},
{
  "model": "accounts.user",
  "pk": 27,
  "fields": {
    "password": "pbkdf2_sha256$180000$lBpaKj0apzoS$yqt+yshx59J0CSJ2qo+lVFsyypmEdIunCu8/ibl0L5k=",
    "last_login": "2020-01-20T22:01:53.299Z",
    "email": "shelly@email.com",
    "first_name": "Shelly",
    "last_name": "",
    "about": "A little about you",
    "avatar": "default_avatars/icons8-customer-100.png",
    "is_active": true,
    "is_admin": false,
    "skills": []
  }
},
{
  "model": "accounts.user",
  "pk": 28,
  "fields": {
    "password": "pbkdf2_sha256$180000$JajCSB8UBFLn$JiOiNQ7hohOA+QyFh1yArhhzZGOGdZhZELajBS/0lHI=",
    "last_login": "2020-01-20T22:04:24.074Z",
    "email": "lisa@email.com",
    "first_name": "Lisa",
    "last_name": "X",
    "about": "<p>A little about Lisa</p>",
    "avatar": "DSC_5857-2.jpg",
    "is_active": true,
    "is_admin": false,
    "skills": [
      2,
      7
    ]
  }
},
{
  "model": "accounts.user",
  "pk": 31,
  "fields": {
    "password": "pbkdf2_sha256$180000$wR8sXdEo1xF5$E2KTeg8pc6jxi59M27T2awM72O4GDbi4YjWf6/z/Zi0=",
    "last_login": "2020-01-22T01:55:03.378Z",
    "email": "lara@email.com",
    "first_name": "Lara",
    "last_name": "",
    "about": "Markdown available, preview below.",
    "avatar": "default_avatars/blank.png",
    "is_active": true,
    "is_admin": false,
    "skills": []
  }
},
{
  "model": "accounts.user",
  "pk": 33,
  "fields": {
    "password": "pbkdf2_sha256$180000$w3nItkrwh73H$nQHzqCyLs0lqqTuHL8gB86g+oGCsX6Se4HbEs9muVJE=",
    "last_login": "2020-01-24T03:37:21.239Z",
    "email": "another@email.com",
    "first_name": "another",
    "last_name": "user",
    "about": "Markdown available, preview below.",
    "avatar": "avatars/new_avatar_noVg8D3.jpg",
    "is_active": true,
    "is_admin": false,
    "skills": [
      2
    ]
  }
},
{
  "model": "accounts.user",
  "pk": 34,
  "fields": {
    "password": "pbkdf2_sha256$180000$1C0HftROzyw2$i3nHh7Gq5CTnIA+IKrIxOMvpAAhQ2TnGh1bJtd2Vh1w=",
    "last_login": "2020-01-24T04:09:36.298Z",
    "email": "Tom@email.com",
    "first_name": "Tommy",
    "last_name": "Tom",
    "about": "This is a litte about Tommy...",
    "avatar": "avatars/new_avatar_Sp2IjKG.jpg",
    "is_active": true,
    "is_admin": false,
    "skills": [
      1
    ]
  }
},
{
  "model": "accounts.user",
  "pk": 35,
  "fields": {
    "password": "pbkdf2_sha256$180000$0Y9awsFPie4n$d9C1IO+gtbPedCrGemt73iVoj4vvoZlNkrMtDKzPKo0=",
    "last_login": "2020-01-25T20:43:50.501Z",
    "email": "mccleary@email.com",
    "first_name": "Matt",
    "last_name": "M",
    "about": "Markdown available, preview below.",
    "avatar": "avatars/new_avatar_bB0HsiR.jpg",
    "is_active": true,
    "is_admin": false,
    "skills": [
      2
    ]
  }
},
{
  "model": "accounts.user",
  "pk": 36,
  "fields": {
    "password": "pbkdf2_sha256$180000$qdynAfj02rWc$OkMGYDD7q1DXCQrhxzpjp8dex/P+Wf1p605ooAK9Yjg=",
    "last_login": "2020-03-22T20:43:05.052Z",
    "email": "carson@email.com",
    "first_name": "Carson",
    "last_name": ".Py",
    "about": "#profile\r\nthis is a little about me",
    "avatar": "default_avatars/blank.png",
    "is_active": true,
    "is_admin": false,
    "skills": [
      1,
      2,
      3
    ]
  }
},
{
  "model": "accounts.user",
  "pk": 37,
  "fields": {
    "password": "pbkdf2_sha256$180000$wwmf0AOJyUyC$eqUJ2tHwGEjz9mPUTxgZWfnDUUGdAwoVC6j0sypPd4o=",
    "last_login": "2020-06-02T17:33:34.758Z",
    "email": "sparky2@email.com",
    "first_name": "Mark",
    "last_name": "Ryan",
    "about": "Markdown available, preview below.",
    "avatar": "default_avatars/blank.png",
    "is_active": true,
    "is_admin": false,
    "skills": []
  }
},
{
  "model": "accounts.user",
  "pk": 38,
  "fields": {
    "password": "pbkdf2_sha256$180000$DOJY1uvESXwF$68Z4r9+cEwbhQywrwHOy0e/SjOsv9yfAfVdTAFbixyg=",
    "last_login": "2020-06-03T18:35:00.337Z",
    "email": "sparky3@email.com",
    "first_name": "Mark",
    "last_name": "",
    "about": "Markdown available, preview below.",
    "avatar": "default_avatars/blank.png",
    "is_active": false,
    "is_admin": false,
    "skills": []
  }
},
{
  "model": "accounts.user",
  "pk": 39,
  "fields": {
    "password": "pbkdf2_sha256$180000$I5tLziIFOXcs$4YzlQhFPSywKWRZ5IgUTSKMu/UbyItIKzI2FNeUgnQg=",
    "last_login": "2020-06-03T18:36:26.442Z",
    "email": "sparky4@email.com",
    "first_name": "Mark",
    "last_name": "",
    "about": "Markdown available, preview below.",
    "avatar": "default_avatars/blank.png",
    "is_active": false,
    "is_admin": false,
    "skills": []
  }
},
{
  "model": "accounts.user",
  "pk": 40,
  "fields": {
    "password": "pbkdf2_sha256$180000$VP9sJHV8HyyL$gtdss+qIDHiD5N0lf1+pUuNJgEF68PhBz1KvZbitUWk=",
    "last_login": "2020-06-03T18:37:27.815Z",
    "email": "sparky5@email.com",
    "first_name": "Mark",
    "last_name": "",
    "about": "Markdown available, preview below.",
    "avatar": "default_avatars/blank.png",
    "is_active": false,
    "is_admin": false,
    "skills": []
  }
},
{
  "model": "accounts.user",
  "pk": 41,
  "fields": {
    "password": "pbkdf2_sha256$180000$kljlnimZKQ5d$Pkr2J3b5Pc4LeEgRYqzVPLVA+c3RM646ehx49O2pBUU=",
    "last_login": "2020-06-03T18:48:03.341Z",
    "email": "sparky6@email.com",
    "first_name": "Mark",
    "last_name": "",
    "about": "Markdown available, preview below.",
    "avatar": "default_avatars/blank.png",
    "is_active": false,
    "is_admin": false,
    "skills": []
  }
},
{
  "model": "accounts.user",
  "pk": 42,
  "fields": {
    "password": "pbkdf2_sha256$180000$c22ttV04vvlz$l40x4DvXb6wNy3XdGfz+I/F+9IMQh2gEtPuaJvMwQPo=",
    "last_login": "2020-06-03T18:53:33.065Z",
    "email": "sparky7@email.com",
    "first_name": "Mark",
    "last_name": "",
    "about": "Markdown available, preview below.",
    "avatar": "default_avatars/blank.png",
    "is_active": false,
    "is_admin": false,
    "skills": []
  }
},
{
  "model": "accounts.user",
  "pk": 43,
  "fields": {
    "password": "pbkdf2_sha256$180000$gtGPUTWgjOFB$QQoktDCTjTGXQkYIwdROutGKf1zHjyv4+qrZsDwOOQY=",
    "last_login": "2020-06-03T19:00:21.952Z",
    "email": "sparky8@email.com",
    "first_name": "Mark",
    "last_name": "",
    "about": "Markdown available, preview below.",
    "avatar": "default_avatars/blank.png",
    "is_active": false,
    "is_admin": false,
    "skills": []
  }
},
{
  "model": "accounts.user",
  "pk": 44,
  "fields": {
    "password": "pbkdf2_sha256$180000$qafSvJ3TQdzm$PtGxL35MD4oX+B04VH3QaH4GrdMUYZ36mesnXSwqPW0=",
    "last_login": "2020-06-03T19:13:03.563Z",
    "email": "sparky9@email.com",
    "first_name": "Mark",
    "last_name": "",
    "about": "Markdown available, preview below.",
    "avatar": "default_avatars/blank.png",
    "is_active": false,
    "is_admin": false,
    "skills": []
  }
},
{
  "model": "accounts.user",
  "pk": 45,
  "fields": {
    "password": "pbkdf2_sha256$180000$sleRXsbavTQ7$LHAaPiIl0C1g/WD92K3ObeDyrL5H5tYlzJDxN8398OM=",
    "last_login": "2020-06-03T19:14:49.384Z",
    "email": "sparky10@email.com",
    "first_name": "Mark",
    "last_name": "",
    "about": "Markdown available, preview below.",
    "avatar": "default_avatars/blank.png",
    "is_active": false,
    "is_admin": false,
    "skills": []
  }
},
{
  "model": "accounts.user",
  "pk": 46,
  "fields": {
    "password": "pbkdf2_sha256$180000$a0LGylp15VQ0$v20qZm7vuEQM2YlOPLDCSB4mpQVPxV5au5IgvGzqLuk=",
    "last_login": "2020-06-03T19:17:27.142Z",
    "email": "sparky11@email.com",
    "first_name": "Mark",
    "last_name": "",
    "about": "Markdown available, preview below.",
    "avatar": "default_avatars/blank.png",
    "is_active": false,
    "is_admin": false,
    "skills": []
  }
},
{
  "model": "accounts.user",
  "pk": 47,
  "fields": {
    "password": "pbkdf2_sha256$180000$4IH6muabHaqg$Ouyfy6D+RocHAIk36udP9SbgYy8CrxVTkmZoWYVQ4cw=",
    "last_login": "2020-06-03T19:38:55.519Z",
    "email": "sparky13@email.com",
    "first_name": "Mark",
    "last_name": "",
    "about": "Markdown available, preview below.",
    "avatar": "default_avatars/blank.png",
    "is_active": false,
    "is_admin": false,
    "skills": []
  }
},
{
  "model": "accounts.user",
  "pk": 48,
  "fields": {
    "password": "pbkdf2_sha256$180000$2n2CI2sheDTo$zIzuawm67q34iJi5G6hT6c3jhQENNO9exn7qmH54dag=",
    "last_login": "2020-06-03T19:39:47.248Z",
    "email": "sparky14@email.com",
    "first_name": "Mark",
    "last_name": "",
    "about": "Markdown available, preview below.",
    "avatar": "default_avatars/blank.png",
    "is_active": false,
    "is_admin": false,
    "skills": []
  }
},
{
  "model": "accounts.user",
  "pk": 49,
  "fields": {
    "password": "pbkdf2_sha256$180000$7iKJLVD7SUUZ$hiN1tS+JLcK2wb85yW9pbVO1Ztzdvb15UpOPFDnAcTs=",
    "last_login": "2020-06-03T19:40:24.648Z",
    "email": "sparky16@email.com",
    "first_name": "Mark",
    "last_name": "",
    "about": "Markdown available, preview below.",
    "avatar": "default_avatars/blank.png",
    "is_active": false,
    "is_admin": false,
    "skills": []
  }
},
{
  "model": "accounts.user",
  "pk": 50,
  "fields": {
    "password": "pbkdf2_sha256$180000$zFY0bet0rUmD$p+OW6lxdSH1VhQkQJ2igjvy7Nhu7L/an0QyywJuBTrg=",
    "last_login": "2020-06-03T19:44:05.069Z",
    "email": "sparky17@email.com",
    "first_name": "Mark",
    "last_name": "",
    "about": "Markdown available, preview below.",
    "avatar": "default_avatars/blank.png",
    "is_active": false,
    "is_admin": false,
    "skills": []
  }
},
{
  "model": "accounts.user",
  "pk": 51,
  "fields": {
    "password": "pbkdf2_sha256$180000$PYGCea3Y9oyH$4ZY6LbuJ4GHBypnjnrDlmJ1ceC86OZr5P9AzwGoiHI8=",
    "last_login": "2020-06-03T19:44:41.643Z",
    "email": "sparky18@email.com",
    "first_name": "Mark",
    "last_name": "",
    "about": "Markdown available, preview below.",
    "avatar": "default_avatars/blank.png",
    "is_active": false,
    "is_admin": false,
    "skills": []
  }
},
{
  "model": "accounts.user",
  "pk": 52,
  "fields": {
    "password": "pbkdf2_sha256$180000$aYJPs8cQtyWl$KlKQJ7uwLp7N0D4G7S7Wlyvu/bQY1V4/pHOByflZqaA=",
    "last_login": "2020-06-03T19:46:39.308Z",
    "email": "sparky19@email.com",
    "first_name": "Mark",
    "last_name": "",
    "about": "Markdown available, preview below.",
    "avatar": "default_avatars/blank.png",
    "is_active": false,
    "is_admin": false,
    "skills": []
  }
},
{
  "model": "accounts.user",
  "pk": 53,
  "fields": {
    "password": "pbkdf2_sha256$180000$Zeg3rFzG4HgY$iQRvf+wI5F7GFYESOoHl6gXH3NkT5224OPjERsI0Q4E=",
    "last_login": "2020-06-03T19:48:45.357Z",
    "email": "sparky21@email.com",
    "first_name": "Mark",
    "last_name": "",
    "about": "Markdown available, preview below.",
    "avatar": "default_avatars/blank.png",
    "is_active": false,
    "is_admin": false,
    "skills": []
  }
},
{
  "model": "accounts.user",
  "pk": 54,
  "fields": {
    "password": "pbkdf2_sha256$180000$q4vd6ysR9VrR$Vkg4Ta8h5nV92UlZRfyx1tQzdRh/HKm2fYhmAGgTBYE=",
    "last_login": "2020-06-03T19:52:18.821Z",
    "email": "sparky22@email.com",
    "first_name": "Mark",
    "last_name": "",
    "about": "Markdown available, preview below.",
    "avatar": "default_avatars/blank.png",
    "is_active": false,
    "is_admin": false,
    "skills": []
  }
},
{
  "model": "accounts.user",
  "pk": 55,
  "fields": {
    "password": "pbkdf2_sha256$180000$bLgFCqbro0Y3$t/nqZO+IZcb3OJiMVeCOKLxWiG/Q60NQdlmGBQwSwiY=",
    "last_login": "2020-06-03T19:58:45.790Z",
    "email": "sparky23@email.com",
    "first_name": "Mark",
    "last_name": "",
    "about": "Markdown available, preview below.",
    "avatar": "default_avatars/blank.png",
    "is_active": false,
    "is_admin": false,
    "skills": []
  }
},
{
  "model": "accounts.user",
  "pk": 56,
  "fields": {
    "password": "pbkdf2_sha256$180000$wSjTL3Qfs13S$T8NLJW2H1szeGuYZFZlysa7BhUucoJRfldeTdHxZo34=",
    "last_login": "2020-06-03T20:19:35.550Z",
    "email": "sparky25@email.com",
    "first_name": "Mark",
    "last_name": "",
    "about": "Markdown available, preview below.",
    "avatar": "default_avatars/blank.png",
    "is_active": true,
    "is_admin": false,
    "skills": []
  }
},
{
  "model": "accounts.user",
  "pk": 57,
  "fields": {
    "password": "pbkdf2_sha256$180000$ZsMCC0PDGNp4$XdVKYkwHg7I1lLGWFSlTdeJ1G19KcHAoW1rA6uCZHEg=",
    "last_login": "2020-06-03T20:36:38.707Z",
    "email": "jess2@email.com",
    "first_name": "Jess",
    "last_name": "",
    "about": "Markdown available, preview below.",
    "avatar": "default_avatars/blank.png",
    "is_active": false,
    "is_admin": false,
    "skills": []
  }
},
{
  "model": "accounts.user",
  "pk": 58,
  "fields": {
    "password": "pbkdf2_sha256$180000$x393ucEurPxO$afCCQEFZHgNyMqEEoT2URgV89oz+JWJIMFB+kdydmkY=",
    "last_login": "2020-06-03T20:39:53.846Z",
    "email": "jess3@email.com",
    "first_name": "Jess",
    "last_name": "",
    "about": "Markdown available, preview below.",
    "avatar": "default_avatars/blank.png",
    "is_active": false,
    "is_admin": false,
    "skills": []
  }
},
{
  "model": "accounts.user",
  "pk": 59,
  "fields": {
    "password": "pbkdf2_sha256$180000$Elo4rntBVjP8$vXQvpdSg6mr/80QkqTi+pQXiX2jE6KJjHetvsYUFN+k=",
    "last_login": "2020-06-08T02:46:48.323Z",
    "email": "jess4@email.com",
    "first_name": "Jess",
    "last_name": "C",
    "about": "This is my bio.",
    "avatar": "default_avatars/blank.png",
    "is_active": true,
    "is_admin": false,
    "skills": [
      3
    ]
  }
},
{
  "model": "accounts.user",
  "pk": 60,
  "fields": {
    "password": "pbkdf2_sha256$180000$fjCwyQMKmpt3$YVFom3EGKruEZ6GBKNmEr8Me/qAEaGKKsuXXvi41+j8=",
    "last_login": "2020-06-03T20:46:03.794Z",
    "email": "jess5@email.com",
    "first_name": "Jess",
    "last_name": "",
    "about": "Markdown available, preview below.",
    "avatar": "default_avatars/blank.png",
    "is_active": false,
    "is_admin": false,
    "skills": []
  }
},
{
  "model": "accounts.user",
  "pk": 61,
  "fields": {
    "password": "pbkdf2_sha256$180000$NWKqF30FvRx4$Z1H+22Q0Cv7wBiRIu0QmybFKYp1bSTxw+AJgX2D3iuw=",
    "last_login": "2020-06-08T05:04:29.407Z",
    "email": "jess58@email.com",
    "first_name": "Jessica",
    "last_name": "Cccccccc",
    "about": "#what is going on",
    "avatar": "avatars/new_avatar_NFODR2X.jpg",
    "is_active": true,
    "is_admin": false,
    "skills": [
      4
    ]
  }
},
{
  "model": "accounts.user",
  "pk": 62,
  "fields": {
    "password": "pbkdf2_sha256$180000$GHL2Rl9CibUf$OmsWE8qIMJzhXNiMerjuO81usX5uZiaDS534uJku4Lg=",
    "last_login": "2020-07-02T19:09:17.960Z",
    "email": "sparky85@email.com",
    "first_name": "Mark",
    "last_name": "",
    "about": "Markdown available, preview below.",
    "avatar": "default_avatars/blank.png",
    "is_active": false,
    "is_admin": false,
    "skills": []
  }
},
{
  "model": "accounts.user",
  "pk": 63,
  "fields": {
    "password": "pbkdf2_sha256$180000$s6Vp0zEs8ZCO$nLTqXoTx+ex8VLF+Ioggcfp/nXIwAjCXHWuFko/gAlE=",
    "last_login": "2020-07-02T19:18:10.436Z",
    "email": "sparky999@email.com",
    "first_name": "Mark",
    "last_name": "",
    "about": "Markdown available, preview below.",
    "avatar": "default_avatars/blank.png",
    "is_active": true,
    "is_admin": false,
    "skills": []
  }
},
{
  "model": "accounts.user",
  "pk": 64,
  "fields": {
    "password": "pbkdf2_sha256$180000$OJApzpXyyjY6$Uy9htQuYY7K1+l5/7yPxse4UNV+6RYVt2OXc4GPStoY=",
    "last_login": "2020-07-02T19:20:57.610Z",
    "email": "sparky1000@email.com",
    "first_name": "Mark",
    "last_name": "",
    "about": "Markdown available, preview below.",
    "avatar": "default_avatars/blank.png",
    "is_active": true,
    "is_admin": false,
    "skills": []
  }
},
{
  "model": "accounts.user",
  "pk": 65,
  "fields": {
    "password": "pbkdf2_sha256$180000$pWFAsocyVqyP$974N1sUeh+l3g49olhvyhHCWrIkSRODtkw6D4hQsGq8=",
    "last_login": "2020-07-02T19:22:47.781Z",
    "email": "sparky1001@email.com",
    "first_name": "Mark",
    "last_name": "",
    "about": "Markdown available, preview below.",
    "avatar": "default_avatars/blank.png",
    "is_active": true,
    "is_admin": false,
    "skills": []
  }
},
{
  "model": "accounts.user",
  "pk": 66,
  "fields": {
    "password": "pbkdf2_sha256$180000$AzTmhidc2u8D$peMIsv2LNQlIJtw8UGk4dOkr5CviGLdMe0Kkb0E904k=",
    "last_login": "2020-07-02T19:38:37.209Z",
    "email": "jess99@email.com",
    "first_name": "Jess",
    "last_name": "C99",
    "about": "This is a test.",
    "avatar": "default_avatars/blank.png",
    "is_active": true,
    "is_admin": false,
    "skills": [
      2
    ]
  }
},
{
  "model": "accounts.user",
  "pk": 67,
  "fields": {
    "password": "pbkdf2_sha256$180000$KkN8dSCrQtz2$g+/mVy1p1i71D3qa5prUQnVttvqpyjLC9kEjjsfxN9Y=",
    "last_login": null,
    "email": "jess589@email.com",
    "first_name": "Jess",
    "last_name": "",
    "about": "Markdown available, preview below.",
    "avatar": "default_avatars/blank.png",
    "is_active": true,
    "is_admin": false,
    "skills": []
  }
},
{
  "model": "accounts.user",
  "pk": 68,
  "fields": {
    "password": "pbkdf2_sha256$180000$wLb3nAUV0dER$7T0x4VMLo1g4wOrfxeotHtsysGz9CU8lAoNCpBW1F1o=",
    "last_login": null,
    "email": "jess6565@email.com",
    "first_name": "Jesss",
    "last_name": "",
    "about": "Markdown available, preview below.",
    "avatar": "default_avatars/blank.png",
    "is_active": true,
    "is_admin": false,
    "skills": []
  }
},
{
  "model": "accounts.skill",
  "pk": 1,
  "fields": {
    "name": "python"
  }
},
{
  "model": "accounts.skill",
  "pk": 2,
  "fields": {
    "name": "sql"
  }
},
{
  "model": "accounts.skill",
  "pk": 3,
  "fields": {
    "name": "java"
  }
},
{
  "model": "accounts.skill",
  "pk": 4,
  "fields": {
    "name": "css"
  }
},
{
  "model": "accounts.skill",
  "pk": 5,
  "fields": {
    "name": "javascript"
  }
},
{
  "model": "accounts.skill",
  "pk": 6,
  "fields": {
    "name": "ai"
  }
},
{
  "model": "accounts.skill",
  "pk": 7,
  "fields": {
    "name": "c+"
  }
},
{
  "model": "accounts.skill",
  "pk": 8,
  "fields": {
    "name": "data-structures"
  }
},
{
  "model": "accounts.skill",
  "pk": 9,
  "fields": {
    "name": "sass"
  }
},
{
  "model": "accounts.skill",
  "pk": 10,
  "fields": {
    "name": "loops"
  }
},
{
  "model": "accounts.skill",
  "pk": 11,
  "fields": {
    "name": "testing"
  }
},
{
  "model": "accounts.skill",
  "pk": 12,
  "fields": {
    "name": "agile"
  }
},
{
  "model": "accounts.skill",
  "pk": 13,
  "fields": {
    "name": "design"
  }
},
{
  "model": "accounts.skill",
  "pk": 14,
  "fields": {
    "name": "django"
  }
},
{
  "model": "accounts.skill",
  "pk": 15,
  "fields": {
    "name": "flask"
  }
},
{
  "model": "accounts.skill",
  "pk": 16,
  "fields": {
    "name": "react"
  }
},
{
  "model": "accounts.skill",
  "pk": 17,
  "fields": {
    "name": "angular"
  }
},
{
  "model": "accounts.skill",
  "pk": 18,
  "fields": {
    "name": "docker"
  }
},
{
  "model": "accounts.skill",
  "pk": 19,
  "fields": {
    "name": "ttd"
  }
},
{
  "model": "accounts.skill",
  "pk": 20,
  "fields": {
    "name": "mobile"
  }
},
{
  "model": "accounts.skill",
  "pk": 21,
  "fields": {
    "name": "responsive"
  }
},
{
  "model": "accounts.portfolioproject",
  "pk": 7,
  "fields": {
    "user": 59,
    "name": "Google",
    "url": "http://www.google.com"
  }
},
{
  "model": "accounts.portfolioproject",
  "pk": 8,
  "fields": {
    "user": 61,
    "name": "Google22",
    "url": "http://google.com"
  }
},
{
  "model": "accounts.portfolioproject",
  "pk": 9,
  "fields": {
    "user": 1,
    "name": "Port 1",
    "url": "https://portfolio1.com"
  }
},
{
  "model": "accounts.portfolioproject",
  "pk": 18,
  "fields": {
    "user": 1,
    "name": "Port 2",
    "url": "https://portfolio2.com"
  }
},
{
  "model": "accounts.portfolioproject",
  "pk": 19,
  "fields": {
    "user": 66,
    "name": "Int",
    "url": "https://int.com"
  }
}
]
