[{"model": "contenttypes.contenttype", "pk": 1, "fields": {"app_label": "admin", "model": "logentry"}}, {"model": "contenttypes.contenttype", "pk": 2, "fields": {"app_label": "auth", "model": "permission"}}, {"model": "contenttypes.contenttype", "pk": 3, "fields": {"app_label": "auth", "model": "group"}}, {"model": "contenttypes.contenttype", "pk": 4, "fields": {"app_label": "contenttypes", "model": "contenttype"}}, {"model": "contenttypes.contenttype", "pk": 5, "fields": {"app_label": "sessions", "model": "session"}}, {"model": "contenttypes.contenttype", "pk": 6, "fields": {"app_label": "accounts", "model": "user"}}, {"model": "contenttypes.contenttype", "pk": 7, "fields": {"app_label": "accounts", "model": "skill"}}, {"model": "contenttypes.contenttype", "pk": 8, "fields": {"app_label": "accounts", "model": "portfolioproject"}}, {"model": "contenttypes.contenttype", "pk": 9, "fields": {"app_label": "projects", "model": "project"}}, {"model": "contenttypes.contenttype", "pk": 10, "fields": {"app_label": "projects", "model": "position"}}, {"model": "contenttypes.contenttype", "pk": 11, "fields": {"app_label": "projects", "model": "application"}}, {"model": "sessions.session", "pk": "06g6wo3098j0d6tv2x15en63q51xvbpn", "fields": {"session_data": "ODljNjlkYjVmZmU4NGI3OTIxOWJhNDA4NmU5ZGFmZTVhZTI4MjIxYzp7Il9hdXRoX3VzZXJfaWQiOiIxIiwiX2F1dGhfdXNlcl9iYWNrZW5kIjoiZGphbmdvLmNvbnRyaWIuYXV0aC5iYWNrZW5kcy5Nb2RlbEJhY2tlbmQiLCJfYXV0aF91c2VyX2hhc2giOiI4MDlmODhkNDBlYmNlOTg3NTIzZGQzNTcxMWEzYjgzZWQwNjA2ZDE1In0=", "expire_date": "2020-07-16T19:43:03.963Z"}}, {"model": "sessions.session", "pk": "1mhelfctx7rxua6gufo6kdpkpmogb1c3", "fields": {"session_data": "NTRjMjYyZTEwYTE3MmY0MjU2NzljMGRhMjQxYjYxNjRlZmVjYTU2Nzp7fQ==", "expire_date": "2020-02-03T21:56:45.782Z"}}, {"model": "sessions.session", "pk": "6fwbwtkzo9cqr385h3e0o7tqwz9p34iq", "fields": {"session_data": "NTRjMjYyZTEwYTE3MmY0MjU2NzljMGRhMjQxYjYxNjRlZmVjYTU2Nzp7fQ==", "expire_date": "2020-06-17T17:44:40.468Z"}}, {"model": "sessions.session", "pk": "8ybvkb23jt78ukrkm9q13xaesz80ajg1", "fields": {"session_data": "ZmJlOTAzMzIyNzRhNmJiZGNhMDEwOTIxY2Q5ZDVlMmIxZTMxYWYwNjp7Il9hdXRoX3VzZXJfaWQiOiIzMSIsIl9hdXRoX3VzZXJfYmFja2VuZCI6ImRqYW5nby5jb250cmliLmF1dGguYmFja2VuZHMuTW9kZWxCYWNrZW5kIiwiX2F1dGhfdXNlcl9oYXNoIjoiN2U4Y2UzOWY1NjFmN2Y1MDM0ZDEwMTRjYjQwNDQzZDkwMmQ0ZThlMyJ9", "expire_date": "2020-02-05T01:55:03.416Z"}}, {"model": "sessions.session", "pk": "b34ck7nt1t0xh9c6nbo6mmukc31nmy7i", "fields": {"session_data": "ODljNjlkYjVmZmU4NGI3OTIxOWJhNDA4NmU5ZGFmZTVhZTI4MjIxYzp7Il9hdXRoX3VzZXJfaWQiOiIxIiwiX2F1dGhfdXNlcl9iYWNrZW5kIjoiZGphbmdvLmNvbnRyaWIuYXV0aC5iYWNrZW5kcy5Nb2RlbEJhY2tlbmQiLCJfYXV0aF91c2VyX2hhc2giOiI4MDlmODhkNDBlYmNlOTg3NTIzZGQzNTcxMWEzYjgzZWQwNjA2ZDE1In0=", "expire_date": "2020-04-05T21:04:10.970Z"}}, {"model": "sessions.session", "pk": "chxjddv99jyksyhwzf0q9qyh7l87yyru", "fields": {"session_data": "NTRjMjYyZTEwYTE3MmY0MjU2NzljMGRhMjQxYjYxNjRlZmVjYTU2Nzp7fQ==", "expire_date": "2020-06-17T17:48:15.503Z"}}, {"model": "sessions.session", "pk": "dl08g7azfmaqdn4ba1y657lcl1j580jg", "fields": {"session_data": "NTRjMjYyZTEwYTE3MmY0MjU2NzljMGRhMjQxYjYxNjRlZmVjYTU2Nzp7fQ==", "expire_date": "2020-06-17T17:52:55.725Z"}}, {"model": "sessions.session", "pk": "ff860dclupax573dah5p4fw6ll01ls9q", "fields": {"session_data": "NTRjMjYyZTEwYTE3MmY0MjU2NzljMGRhMjQxYjYxNjRlZmVjYTU2Nzp7fQ==", "expire_date": "2020-06-17T17:53:07.936Z"}}, {"model": "sessions.session", "pk": "gvutk68eaqleqv6yxwkptek8zrgsabkl", "fields": {"session_data": "NTRjMjYyZTEwYTE3MmY0MjU2NzljMGRhMjQxYjYxNjRlZmVjYTU2Nzp7fQ==", "expire_date": "2020-06-17T21:15:49.740Z"}}, {"model": "sessions.session", "pk": "honlx59p8n12qwsc1riya8wfsndn1c38", "fields": {"session_data": "ODljNjlkYjVmZmU4NGI3OTIxOWJhNDA4NmU5ZGFmZTVhZTI4MjIxYzp7Il9hdXRoX3VzZXJfaWQiOiIxIiwiX2F1dGhfdXNlcl9iYWNrZW5kIjoiZGphbmdvLmNvbnRyaWIuYXV0aC5iYWNrZW5kcy5Nb2RlbEJhY2tlbmQiLCJfYXV0aF91c2VyX2hhc2giOiI4MDlmODhkNDBlYmNlOTg3NTIzZGQzNTcxMWEzYjgzZWQwNjA2ZDE1In0=", "expire_date": "2020-02-11T01:13:07.208Z"}}, {"model": "sessions.session", "pk": "jfdripygmyf7kppe3q9fluc4hhepdetw", "fields": {"session_data": "NTRjMjYyZTEwYTE3MmY0MjU2NzljMGRhMjQxYjYxNjRlZmVjYTU2Nzp7fQ==", "expire_date": "2020-06-17T17:48:21.331Z"}}, {"model": "sessions.session", "pk": "kgb57tovd2pj9bywu9z8ak5p2npu6aak", "fields": {"session_data": "ODljNjlkYjVmZmU4NGI3OTIxOWJhNDA4NmU5ZGFmZTVhZTI4MjIxYzp7Il9hdXRoX3VzZXJfaWQiOiIxIiwiX2F1dGhfdXNlcl9iYWNrZW5kIjoiZGphbmdvLmNvbnRyaWIuYXV0aC5iYWNrZW5kcy5Nb2RlbEJhY2tlbmQiLCJfYXV0aF91c2VyX2hhc2giOiI4MDlmODhkNDBlYmNlOTg3NTIzZGQzNTcxMWEzYjgzZWQwNjA2ZDE1In0=", "expire_date": "2020-06-19T16:55:29.533Z"}}, {"model": "sessions.session", "pk": "m8wz0i0srvj77vsqyllj3k74ld82ay7s", "fields": {"session_data": "NTRjMjYyZTEwYTE3MmY0MjU2NzljMGRhMjQxYjYxNjRlZmVjYTU2Nzp7fQ==", "expire_date": "2020-06-17T17:45:05.445Z"}}, {"model": "sessions.session", "pk": "nkkyr8vinw04qg71t6g0cisxfl23lk5t", "fields": {"session_data": "ODljNjlkYjVmZmU4NGI3OTIxOWJhNDA4NmU5ZGFmZTVhZTI4MjIxYzp7Il9hdXRoX3VzZXJfaWQiOiIxIiwiX2F1dGhfdXNlcl9iYWNrZW5kIjoiZGphbmdvLmNvbnRyaWIuYXV0aC5iYWNrZW5kcy5Nb2RlbEJhY2tlbmQiLCJfYXV0aF91c2VyX2hhc2giOiI4MDlmODhkNDBlYmNlOTg3NTIzZGQzNTcxMWEzYjgzZWQwNjA2ZDE1In0=", "expire_date": "2020-06-22T14:59:22.812Z"}}, {"model": "sessions.session", "pk": "nn0ufxg56yalx0uqgq1qr4nlkncgysxh", "fields": {"session_data": "Yzg0ZmQ3M2U4ODZlM2ZjZTQ2YjJmZDZjYTA1NzhhODE1MTkwOTRiNjp7Il9hdXRoX3VzZXJfaWQiOiIzNyIsIl9hdXRoX3VzZXJfYmFja2VuZCI6ImRqYW5nby5jb250cmliLmF1dGguYmFja2VuZHMuTW9kZWxCYWNrZW5kIiwiX2F1dGhfdXNlcl9oYXNoIjoiNDczZWY4YjM2ODg4YzAyZmYwYTM1ZWRkZjA0ZDJhMjkzM2ZiMmNjYiJ9", "expire_date": "2020-06-16T17:33:34.800Z"}}, {"model": "sessions.session", "pk": "opqg55s5hu0vt5jf3o2s2962nndu5shn", "fields": {"session_data": "NTRjMjYyZTEwYTE3MmY0MjU2NzljMGRhMjQxYjYxNjRlZmVjYTU2Nzp7fQ==", "expire_date": "2020-02-03T21:59:26.721Z"}}, {"model": "sessions.session", "pk": "qtu6adwdo5dqmpi9vf9luzf2db2n35hj", "fields": {"session_data": "OTJlMjRmOGFhODBmMWNmYzk2NzE3NmRkZDI1OTk4NmJkY2E0MjkwMDp7Il9hdXRoX3VzZXJfaWQiOiIzMyIsIl9hdXRoX3VzZXJfYmFja2VuZCI6ImRqYW5nby5jb250cmliLmF1dGguYmFja2VuZHMuTW9kZWxCYWNrZW5kIiwiX2F1dGhfdXNlcl9oYXNoIjoiOGRjZjQ5ZGVjOGNiMGIxODk3ZTlkNGFlMDVjZDFlMjNlN2E2ZDkzNyJ9", "expire_date": "2020-02-07T03:37:21.279Z"}}, {"model": "sessions.session", "pk": "r5t5qb367rus3nvu48mp7wg7o920ncb9", "fields": {"session_data": "NTRjMjYyZTEwYTE3MmY0MjU2NzljMGRhMjQxYjYxNjRlZmVjYTU2Nzp7fQ==", "expire_date": "2020-06-17T21:16:20.746Z"}}, {"model": "accounts.user", "pk": 1, "fields": {"password": "pbkdf2_sha256$180000$6sETWy39VLEj$2wOUhUxo6HzWfKL3eajMfy9YYkPC1TpQvhmq0Uyf0nk=", "last_login": "2020-07-02T19:43:03.961Z", "email": "sparky@email.com", "first_name": "Mark", "last_name": "Ryan", "about": "### Developer\r\nLorem ipsum dolor sit amet, consectetur adipiscing elit, sed do eiusmod tempor incididunt ut labore et dolore magna aliqua. Ut enim ad minim veniam, quis nostrud exercitation ullamco laboris nisi ut aliquip ex ea commodo consequat.", "avatar": "avatars/new_avatar_vchwfog.jpg", "is_active": true, "is_admin": true, "skills": [2, 3]}}, {"model": "accounts.user", "pk": 2, "fields": {"password": "pbkdf2_sha256$180000$YJq7ceXSPijs$DmflDhDXGLjWcOsrN+LrrrvTJG6QuUmkoVdtxtmh7tY=", "last_login": null, "email": "jess@email.com", "first_name": "Jess", "last_name": "", "about": "A little about you", "avatar": "default_avatars/icons8-customer-100.png", "is_active": false, "is_admin": false, "skills": []}}, {"model": "accounts.user", "pk": 3, "fields": {"password": "pbkdf2_sha256$180000$FyXCCneqqedC$EEXUaKDo77gCU5ZAJ6HaNiwzEKRTWg8+pxz7NtaoSn8=", "last_login": null, "email": "ida@email.com", "first_name": "Ida", "last_name": "", "about": "A little about you", "avatar": "default_avatars/icons8-customer-100.png", "is_active": false, "is_admin": false, "skills": []}}, {"model": "accounts.user", "pk": 4, "fields": {"password": "pbkdf2_sha256$180000$Dyp7nsfCGrDu$+BhkFGE1wVdRGns47r1NEVMpKoZJrchVs0bKLi55EOI=", "last_login": null, "email": "larry@email.com", "first_name": "Larry", "last_name": "", "about": "A little about you", "avatar": "default_avatars/icons8-customer-100.png", "is_active": false, "is_admin": false, "skills": []}}, {"model": "accounts.user", "pk": 5, "fields": {"password": "pbkdf2_sha256$180000$I7vyzSZ95eHy$/TotYrJxWscM9QuP1l7jko1mC4Ylzh/WtBEeSyEbH/4=", "last_login": null, "email": "jim@email.com", "first_name": "Jim", "last_name": "", "about": "A little about you", "avatar": "default_avatars/icons8-customer-100.png", "is_active": false, "is_admin": false, "skills": []}}, {"model": "accounts.user", "pk": 6, "fields": {"password": "pbkdf2_sha256$180000$jnWZbPo0oQGg$keDU+oiN185j2s+pqY4rwulR0LltlUXpzoQ9yFWJ2p8=", "last_login": null, "email": "yara@email.com", "first_name": "Yara", "last_name": "", "about": "A little about you", "avatar": "default_avatars/icons8-customer-100.png", "is_active": false, "is_admin": false, "skills": []}}, {"model": "accounts.user", "pk": 7, "fields": {"password": "pbkdf2_sha256$180000$9rL42LW7E7ss$JTvAVQFvD0Isw+QmK99PkAPechuzzBsLltI7FNvhjSE=", "last_login": null, "email": "mike@email.com", "first_name": "Mike", "last_name": "", "about": "A little about you", "avatar": "default_avatars/icons8-customer-100.png", "is_active": false, "is_admin": false, "skills": []}}, {"model": "accounts.user", "pk": 8, "fields": {"password": "pbkdf2_sha256$180000$qZZnOVEICa8L$VmcX7l8MwZImdJaO+A9wF3vc5ashxL2aRWzWYkKLi2U=", "last_login": null, "email": "sean@email.com", "first_name": "Sean", "last_name": "", "about": "A little about you", "avatar": "default_avatars/icons8-customer-100.png", "is_active": false, "is_admin": false, "skills": []}}, {"model": "accounts.user", "pk": 9, "fields": {"password": "pbkdf2_sha256$180000$DGk1TAyKOFuG$i4ibo1+Egaej01+OHZQr0s8n4dE+JHZY/xNaeSNNSG8=", "last_login": null, "email": "maddie@email.com", "first_name": "Maddie", "last_name": "", "about": "A little about you", "avatar": "default_avatars/icons8-customer-100.png", "is_active": false, "is_admin": false, "skills": []}}, {"model": "accounts.user", "pk": 10, "fields": {"password": "pbkdf2_sha256$180000$JMMIsj1KpyFh$+vRQFi7+ZiQ0zvpfCU6JpTs+oZtGWW/5q4+lLsd6EbU=", "last_login": null, "email": "linc@email.com", "first_name": "Lincoln", "last_name": "", "about": "A little about you", "avatar": "default_avatars/icons8-customer-100.png", "is_active": false, "is_admin": false, "skills": []}}, {"model": "accounts.user", "pk": 13, "fields": {"password": "pbkdf2_sha256$180000$osyUbkUh3w5i$gIw77AvrgUun/2RWiIY5qrhQahAPoqkG8FXmI5ACPBI=", "last_login": null, "email": "sinead@email.com", "first_name": "Sinead", "last_name": "", "about": "A little about you", "avatar": "default_avatars/icons8-customer-100.png", "is_active": false, "is_admin": false, "skills": []}}, {"model": "accounts.user", "pk": 14, "fields": {"password": "pbkdf2_sha256$180000$Uv7AXGUIfYVo$ZrtoRcPkQrIRajUx+Pz6yn0fLkBHR/0e/C/jB0uVDuw=", "last_login": null, "email": "michelle@email.com", "first_name": "Michelle", "last_name": "", "about": "A little about you", "avatar": "default_avatars/icons8-customer-100.png", "is_active": false, "is_admin": false, "skills": []}}, {"model": "accounts.user", "pk": 15, "fields": {"password": "pbkdf2_sha256$180000$Qeh9gPlafLtk$r87vlhPkO57j/0ohQ6Nlox0jOe6xYgVTHAO86AchzLo=", "last_login": null, "email": "joe@email.com", "first_name": "Joe", "last_name": "", "about": "A little about you", "avatar": "default_avatars/icons8-customer-100.png", "is_active": false, "is_admin": false, "skills": []}}, {"model": "accounts.user", "pk": 16, "fields": {"password": "pbkdf2_sha256$180000$f6577DzIO1hn$V8qwGtZuJ6EzWVLi4HrQOCWX08KPa1g/8b63mTJCS44=", "last_login": null, "email": "lev@email.com", "first_name": "Lev", "last_name": "", "about": "A little about you", "avatar": "default_avatars/icons8-customer-100.png", "is_active": false, "is_admin": false, "skills": []}}, {"model": "accounts.user", "pk": 17, "fields": {"password": "pbkdf2_sha256$180000$ma95adiJIuuk$QbQE2SE5tx+dorA+uJFFzvAe4O4iZqYo0UMpTh/Wsis=", "last_login": null, "email": "steve@email.com", "first_name": "Steve", "last_name": "", "about": "A little about you", "avatar": "default_avatars/icons8-customer-100.png", "is_active": false, "is_admin": false, "skills": []}}, {"model": "accounts.user", "pk": 19, "fields": {"password": "pbkdf2_sha256$180000$w1SLuQjw8Y8y$zmCFir661mffN2r5Ebm/HkOklPTbmnD9c3JIM0yFKgA=", "last_login": null, "email": "nancy@email.com", "first_name": "Nancy", "last_name": "", "about": "A little about you", "avatar": "default_avatars/icons8-customer-100.png", "is_active": false, "is_admin": false, "skills": []}}, {"model": "accounts.user", "pk": 20, "fields": {"password": "pbkdf2_sha256$180000$jXdfVY87buzD$fLZsih8gi6MjftDGnQP7FIWtnni4MTCSGXtzvDf+Hsw=", "last_login": null, "email": "robert@email.com", "first_name": "Robert", "last_name": "", "about": "A little about you", "avatar": "default_avatars/icons8-customer-100.png", "is_active": false, "is_admin": false, "skills": []}}, {"model": "accounts.user", "pk": 23, "fields": {"password": "pbkdf2_sha256$180000$0asu5EbUYfWv$Lnxtevk1Daa1WTJWtasqvi5RjWQ4gD160J3i4rf0Z4M=", "last_login": "2020-01-20T21:48:20.848Z", "email": "tony@email.com", "first_name": "Tony", "last_name": "", "about": "A little about you", "avatar": "default_avatars/icons8-customer-100.png", "is_active": true, "is_admin": false, "skills": []}}, {"model": "accounts.user", "pk": 24, "fields": {"password": "pbkdf2_sha256$180000$FFyTEcrLAeOu$pSxdI/u+ctw/5KxV3ewHeKiYZVZYm2EuG1jW2lJX/QI=", "last_login": "2020-01-20T21:50:27.526Z", "email": "adam@email.com", "first_name": "Adam", "last_name": "", "about": "A little about you", "avatar": "default_avatars/icons8-customer-100.png", "is_active": true, "is_admin": false, "skills": []}}, {"model": "accounts.user", "pk": 25, "fields": {"password": "pbkdf2_sha256$180000$S6zYBXi2nh0C$EbJnDkteJM5uXm7Rb6jtKLGlreNvTsqEpl9e/J2onsk=", "last_login": "2020-01-20T21:56:45.784Z", "email": "stark@email.com", "first_name": "Stark", "last_name": "", "about": "A little about you", "avatar": "default_avatars/icons8-customer-100.png", "is_active": true, "is_admin": false, "skills": []}}, {"model": "accounts.user", "pk": 26, "fields": {"password": "pbkdf2_sha256$180000$t9meHp63lDSB$P04lrUDzzVZLmwb/4lM5gEx+1FwOizLXSu6xK2+1RRY=", "last_login": "2020-01-20T21:59:26.723Z", "email": "costa@email.com", "first_name": "Costa", "last_name": "", "about": "A little about you", "avatar": "default_avatars/icons8-customer-100.png", "is_active": true, "is_admin": false, "skills": []}}, {"model": "accounts.user", "pk": 27, "fields": {"password": "pbkdf2_sha256$180000$lBpaKj0apzoS$yqt+yshx59J0CSJ2qo+lVFsyypmEdIunCu8/ibl0L5k=", "last_login": "2020-01-20T22:01:53.299Z", "email": "shelly@email.com", "first_name": "Shelly", "last_name": "", "about": "A little about you", "avatar": "default_avatars/icons8-customer-100.png", "is_active": true, "is_admin": false, "skills": []}}, {"model": "accounts.user", "pk": 28, "fields": {"password": "pbkdf2_sha256$180000$JajCSB8UBFLn$JiOiNQ7hohOA+QyFh1yArhhzZGOGdZhZELajBS/0lHI=", "last_login": "2020-01-20T22:04:24.074Z", "email": "lisa@email.com", "first_name": "Lisa", "last_name": "X", "about": "<p>A little about Lisa</p>", "avatar": "DSC_5857-2.jpg", "is_active": true, "is_admin": false, "skills": [2, 7]}}, {"model": "accounts.user", "pk": 31, "fields": {"password": "pbkdf2_sha256$180000$wR8sXdEo1xF5$E2KTeg8pc6jxi59M27T2awM72O4GDbi4YjWf6/z/Zi0=", "last_login": "2020-01-22T01:55:03.378Z", "email": "lara@email.com", "first_name": "Lara", "last_name": "", "about": "Markdown available, preview below.", "avatar": "default_avatars/blank.png", "is_active": true, "is_admin": false, "skills": []}}, {"model": "accounts.user", "pk": 33, "fields": {"password": "pbkdf2_sha256$180000$w3nItkrwh73H$nQHzqCyLs0lqqTuHL8gB86g+oGCsX6Se4HbEs9muVJE=", "last_login": "2020-01-24T03:37:21.239Z", "email": "another@email.com", "first_name": "another", "last_name": "user", "about": "Markdown available, preview below.", "avatar": "avatars/new_avatar_noVg8D3.jpg", "is_active": true, "is_admin": false, "skills": [2]}}, {"model": "accounts.user", "pk": 34, "fields": {"password": "pbkdf2_sha256$180000$1C0HftROzyw2$i3nHh7Gq5CTnIA+IKrIxOMvpAAhQ2TnGh1bJtd2Vh1w=", "last_login": "2020-01-24T04:09:36.298Z", "email": "Tom@email.com", "first_name": "Tommy", "last_name": "Tom", "about": "This is a litte about Tommy...", "avatar": "avatars/new_avatar_Sp2IjKG.jpg", "is_active": true, "is_admin": false, "skills": [1]}}, {"model": "accounts.user", "pk": 35, "fields": {"password": "pbkdf2_sha256$180000$0Y9awsFPie4n$d9C1IO+gtbPedCrGemt73iVoj4vvoZlNkrMtDKzPKo0=", "last_login": "2020-01-25T20:43:50.501Z", "email": "mccleary@email.com", "first_name": "Matt", "last_name": "M", "about": "Markdown available, preview below.", "avatar": "avatars/new_avatar_bB0HsiR.jpg", "is_active": true, "is_admin": false, "skills": [2]}}, {"model": "accounts.user", "pk": 36, "fields": {"password": "pbkdf2_sha256$180000$qdynAfj02rWc$OkMGYDD7q1DXCQrhxzpjp8dex/P+Wf1p605ooAK9Yjg=", "last_login": "2020-03-22T20:43:05.052Z", "email": "carson@email.com", "first_name": "Carson", "last_name": ".Py", "about": "#profile\r\nthis is a little about me", "avatar": "default_avatars/blank.png", "is_active": true, "is_admin": false, "skills": [1, 2, 3]}}, {"model": "accounts.user", "pk": 37, "fields": {"password": "pbkdf2_sha256$180000$wwmf0AOJyUyC$eqUJ2tHwGEjz9mPUTxgZWfnDUUGdAwoVC6j0sypPd4o=", "last_login": "2020-06-02T17:33:34.758Z", "email": "sparky2@email.com", "first_name": "Mark", "last_name": "Ryan", "about": "Markdown available, preview below.", "avatar": "default_avatars/blank.png", "is_active": true, "is_admin": false, "skills": []}}, {"model": "accounts.user", "pk": 38, "fields": {"password": "pbkdf2_sha256$180000$DOJY1uvESXwF$68Z4r9+cEwbhQywrwHOy0e/SjOsv9yfAfVdTAFbixyg=", "last_login": "2020-06-03T18:35:00.337Z", "email": "sparky3@email.com", "first_name": "Mark", "last_name": "", "about": "Markdown available, preview below.", "avatar": "default_avatars/blank.png", "is_active": false, "is_admin": false, "skills": []}}, {"model": "accounts.user", "pk": 39, "fields": {"password": "pbkdf2_sha256$180000$I5tLziIFOXcs$4YzlQhFPSywKWRZ5IgUTSKMu/UbyItIKzI2FNeUgnQg=", "last_login": "2020-06-03T18:36:26.442Z", "email": "sparky4@email.com", "first_name": "Mark", "last_name": "", "about": "Markdown available, preview below.", "avatar": "default_avatars/blank.png", "is_active": false, "is_admin": false, "skills": []}}, {"model": "accounts.user", "pk": 40, "fields": {"password": "pbkdf2_sha256$180000$VP9sJHV8HyyL$gtdss+qIDHiD5N0lf1+pUuNJgEF68PhBz1KvZbitUWk=", "last_login": "2020-06-03T18:37:27.815Z", "email": "sparky5@email.com", "first_name": "Mark", "last_name": "", "about": "Markdown available, preview below.", "avatar": "default_avatars/blank.png", "is_active": false, "is_admin": false, "skills": []}}, {"model": "accounts.user", "pk": 41, "fields": {"password": "pbkdf2_sha256$180000$kljlnimZKQ5d$Pkr2J3b5Pc4LeEgRYqzVPLVA+c3RM646ehx49O2pBUU=", "last_login": "2020-06-03T18:48:03.341Z", "email": "sparky6@email.com", "first_name": "Mark", "last_name": "", "about": "Markdown available, preview below.", "avatar": "default_avatars/blank.png", "is_active": false, "is_admin": false, "skills": []}}, {"model": "accounts.user", "pk": 42, "fields": {"password": "pbkdf2_sha256$180000$c22ttV04vvlz$l40x4DvXb6wNy3XdGfz+I/F+9IMQh2gEtPuaJvMwQPo=", "last_login": "2020-06-03T18:53:33.065Z", "email": "sparky7@email.com", "first_name": "Mark", "last_name": "", "about": "Markdown available, preview below.", "avatar": "default_avatars/blank.png", "is_active": false, "is_admin": false, "skills": []}}, {"model": "accounts.user", "pk": 43, "fields": {"password": "pbkdf2_sha256$180000$gtGPUTWgjOFB$QQoktDCTjTGXQkYIwdROutGKf1zHjyv4+qrZsDwOOQY=", "last_login": "2020-06-03T19:00:21.952Z", "email": "sparky8@email.com", "first_name": "Mark", "last_name": "", "about": "Markdown available, preview below.", "avatar": "default_avatars/blank.png", "is_active": false, "is_admin": false, "skills": []}}, {"model": "accounts.user", "pk": 44, "fields": {"password": "pbkdf2_sha256$180000$qafSvJ3TQdzm$PtGxL35MD4oX+B04VH3QaH4GrdMUYZ36mesnXSwqPW0=", "last_login": "2020-06-03T19:13:03.563Z", "email": "sparky9@email.com", "first_name": "Mark", "last_name": "", "about": "Markdown available, preview below.", "avatar": "default_avatars/blank.png", "is_active": false, "is_admin": false, "skills": []}}, {"model": "accounts.user", "pk": 45, "fields": {"password": "pbkdf2_sha256$180000$sleRXsbavTQ7$LHAaPiIl0C1g/WD92K3ObeDyrL5H5tYlzJDxN8398OM=", "last_login": "2020-06-03T19:14:49.384Z", "email": "sparky10@email.com", "first_name": "Mark", "last_name": "", "about": "Markdown available, preview below.", "avatar": "default_avatars/blank.png", "is_active": false, "is_admin": false, "skills": []}}, {"model": "accounts.user", "pk": 46, "fields": {"password": "pbkdf2_sha256$180000$a0LGylp15VQ0$v20qZm7vuEQM2YlOPLDCSB4mpQVPxV5au5IgvGzqLuk=", "last_login": "2020-06-03T19:17:27.142Z", "email": "sparky11@email.com", "first_name": "Mark", "last_name": "", "about": "Markdown available, preview below.", "avatar": "default_avatars/blank.png", "is_active": false, "is_admin": false, "skills": []}}, {"model": "accounts.user", "pk": 47, "fields": {"password": "pbkdf2_sha256$180000$4IH6muabHaqg$Ouyfy6D+RocHAIk36udP9SbgYy8CrxVTkmZoWYVQ4cw=", "last_login": "2020-06-03T19:38:55.519Z", "email": "sparky13@email.com", "first_name": "Mark", "last_name": "", "about": "Markdown available, preview below.", "avatar": "default_avatars/blank.png", "is_active": false, "is_admin": false, "skills": []}}, {"model": "accounts.user", "pk": 48, "fields": {"password": "pbkdf2_sha256$180000$2n2CI2sheDTo$zIzuawm67q34iJi5G6hT6c3jhQENNO9exn7qmH54dag=", "last_login": "2020-06-03T19:39:47.248Z", "email": "sparky14@email.com", "first_name": "Mark", "last_name": "", "about": "Markdown available, preview below.", "avatar": "default_avatars/blank.png", "is_active": false, "is_admin": false, "skills": []}}, {"model": "accounts.user", "pk": 49, "fields": {"password": "pbkdf2_sha256$180000$7iKJLVD7SUUZ$hiN1tS+JLcK2wb85yW9pbVO1Ztzdvb15UpOPFDnAcTs=", "last_login": "2020-06-03T19:40:24.648Z", "email": "sparky16@email.com", "first_name": "Mark", "last_name": "", "about": "Markdown available, preview below.", "avatar": "default_avatars/blank.png", "is_active": false, "is_admin": false, "skills": []}}, {"model": "accounts.user", "pk": 50, "fields": {"password": "pbkdf2_sha256$180000$zFY0bet0rUmD$p+OW6lxdSH1VhQkQJ2igjvy7Nhu7L/an0QyywJuBTrg=", "last_login": "2020-06-03T19:44:05.069Z", "email": "sparky17@email.com", "first_name": "Mark", "last_name": "", "about": "Markdown available, preview below.", "avatar": "default_avatars/blank.png", "is_active": false, "is_admin": false, "skills": []}}, {"model": "accounts.user", "pk": 51, "fields": {"password": "pbkdf2_sha256$180000$PYGCea3Y9oyH$4ZY6LbuJ4GHBypnjnrDlmJ1ceC86OZr5P9AzwGoiHI8=", "last_login": "2020-06-03T19:44:41.643Z", "email": "sparky18@email.com", "first_name": "Mark", "last_name": "", "about": "Markdown available, preview below.", "avatar": "default_avatars/blank.png", "is_active": false, "is_admin": false, "skills": []}}, {"model": "accounts.user", "pk": 52, "fields": {"password": "pbkdf2_sha256$180000$aYJPs8cQtyWl$KlKQJ7uwLp7N0D4G7S7Wlyvu/bQY1V4/pHOByflZqaA=", "last_login": "2020-06-03T19:46:39.308Z", "email": "sparky19@email.com", "first_name": "Mark", "last_name": "", "about": "Markdown available, preview below.", "avatar": "default_avatars/blank.png", "is_active": false, "is_admin": false, "skills": []}}, {"model": "accounts.user", "pk": 53, "fields": {"password": "pbkdf2_sha256$180000$Zeg3rFzG4HgY$iQRvf+wI5F7GFYESOoHl6gXH3NkT5224OPjERsI0Q4E=", "last_login": "2020-06-03T19:48:45.357Z", "email": "sparky21@email.com", "first_name": "Mark", "last_name": "", "about": "Markdown available, preview below.", "avatar": "default_avatars/blank.png", "is_active": false, "is_admin": false, "skills": []}}, {"model": "accounts.user", "pk": 54, "fields": {"password": "pbkdf2_sha256$180000$q4vd6ysR9VrR$Vkg4Ta8h5nV92UlZRfyx1tQzdRh/HKm2fYhmAGgTBYE=", "last_login": "2020-06-03T19:52:18.821Z", "email": "sparky22@email.com", "first_name": "Mark", "last_name": "", "about": "Markdown available, preview below.", "avatar": "default_avatars/blank.png", "is_active": false, "is_admin": false, "skills": []}}, {"model": "accounts.user", "pk": 55, "fields": {"password": "pbkdf2_sha256$180000$bLgFCqbro0Y3$t/nqZO+IZcb3OJiMVeCOKLxWiG/Q60NQdlmGBQwSwiY=", "last_login": "2020-06-03T19:58:45.790Z", "email": "sparky23@email.com", "first_name": "Mark", "last_name": "", "about": "Markdown available, preview below.", "avatar": "default_avatars/blank.png", "is_active": false, "is_admin": false, "skills": []}}, {"model": "accounts.user", "pk": 56, "fields": {"password": "pbkdf2_sha256$180000$wSjTL3Qfs13S$T8NLJW2H1szeGuYZFZlysa7BhUucoJRfldeTdHxZo34=", "last_login": "2020-06-03T20:19:35.550Z", "email": "sparky25@email.com", "first_name": "Mark", "last_name": "", "about": "Markdown available, preview below.", "avatar": "default_avatars/blank.png", "is_active": true, "is_admin": false, "skills": []}}, {"model": "accounts.user", "pk": 57, "fields": {"password": "pbkdf2_sha256$180000$ZsMCC0PDGNp4$XdVKYkwHg7I1lLGWFSlTdeJ1G19KcHAoW1rA6uCZHEg=", "last_login": "2020-06-03T20:36:38.707Z", "email": "jess2@email.com", "first_name": "Jess", "last_name": "", "about": "Markdown available, preview below.", "avatar": "default_avatars/blank.png", "is_active": false, "is_admin": false, "skills": []}}, {"model": "accounts.user", "pk": 58, "fields": {"password": "pbkdf2_sha256$180000$x393ucEurPxO$afCCQEFZHgNyMqEEoT2URgV89oz+JWJIMFB+kdydmkY=", "last_login": "2020-06-03T20:39:53.846Z", "email": "jess3@email.com", "first_name": "Jess", "last_name": "", "about": "Markdown available, preview below.", "avatar": "default_avatars/blank.png", "is_active": false, "is_admin": false, "skills": []}}, {"model": "accounts.user", "pk": 59, "fields": {"password": "pbkdf2_sha256$180000$Elo4rntBVjP8$vXQvpdSg6mr/80QkqTi+pQXiX2jE6KJjHetvsYUFN+k=", "last_login": "2020-06-08T02:46:48.323Z", "email": "jess4@email.com", "first_name": "Jess", "last_name": "C", "about": "This is my bio.", "avatar": "default_avatars/blank.png", "is_active": true, "is_admin": false, "skills": [3]}}, {"model": "accounts.user", "pk": 60, "fields": {"password": "pbkdf2_sha256$180000$fjCwyQMKmpt3$YVFom3EGKruEZ6GBKNmEr8Me/qAEaGKKsuXXvi41+j8=", "last_login": "2020-06-03T20:46:03.794Z", "email": "jess5@email.com", "first_name": "Jess", "last_name": "", "about": "Markdown available, preview below.", "avatar": "default_avatars/blank.png", "is_active": false, "is_admin": false, "skills": []}}, {"model": "accounts.user", "pk": 61, "fields": {"password": "pbkdf2_sha256$180000$NWKqF30FvRx4$Z1H+22Q0Cv7wBiRIu0QmybFKYp1bSTxw+AJgX2D3iuw=", "last_login": "2020-06-08T05:04:29.407Z", "email": "jess58@email.com", "first_name": "Jessica", "last_name": "Cccccccc", "about": "#what is going on", "avatar": "avatars/new_avatar_NFODR2X.jpg", "is_active": true, "is_admin": false, "skills": [4]}}, {"model": "accounts.user", "pk": 62, "fields": {"password": "pbkdf2_sha256$180000$GHL2Rl9CibUf$OmsWE8qIMJzhXNiMerjuO81usX5uZiaDS534uJku4Lg=", "last_login": "2020-07-02T19:09:17.960Z", "email": "sparky85@email.com", "first_name": "Mark", "last_name": "", "about": "Markdown available, preview below.", "avatar": "default_avatars/blank.png", "is_active": false, "is_admin": false, "skills": []}}, {"model": "accounts.user", "pk": 63, "fields": {"password": "pbkdf2_sha256$180000$s6Vp0zEs8ZCO$nLTqXoTx+ex8VLF+Ioggcfp/nXIwAjCXHWuFko/gAlE=", "last_login": "2020-07-02T19:18:10.436Z", "email": "sparky999@email.com", "first_name": "Mark", "last_name": "", "about": "Markdown available, preview below.", "avatar": "default_avatars/blank.png", "is_active": true, "is_admin": false, "skills": []}}, {"model": "accounts.user", "pk": 64, "fields": {"password": "pbkdf2_sha256$180000$OJApzpXyyjY6$Uy9htQuYY7K1+l5/7yPxse4UNV+6RYVt2OXc4GPStoY=", "last_login": "2020-07-02T19:20:57.610Z", "email": "sparky1000@email.com", "first_name": "Mark", "last_name": "", "about": "Markdown available, preview below.", "avatar": "default_avatars/blank.png", "is_active": true, "is_admin": false, "skills": []}}, {"model": "accounts.user", "pk": 65, "fields": {"password": "pbkdf2_sha256$180000$pWFAsocyVqyP$974N1sUeh+l3g49olhvyhHCWrIkSRODtkw6D4hQsGq8=", "last_login": "2020-07-02T19:22:47.781Z", "email": "sparky1001@email.com", "first_name": "Mark", "last_name": "", "about": "Markdown available, preview below.", "avatar": "default_avatars/blank.png", "is_active": true, "is_admin": false, "skills": []}}, {"model": "accounts.user", "pk": 66, "fields": {"password": "pbkdf2_sha256$180000$AzTmhidc2u8D$peMIsv2LNQlIJtw8UGk4dOkr5CviGLdMe0Kkb0E904k=", "last_login": "2020-07-02T19:38:37.209Z", "email": "jess99@email.com", "first_name": "Jess", "last_name": "C99", "about": "This is a test.", "avatar": "default_avatars/blank.png", "is_active": true, "is_admin": false, "skills": [2]}}, {"model": "accounts.user", "pk": 67, "fields": {"password": "pbkdf2_sha256$180000$KkN8dSCrQtz2$g+/mVy1p1i71D3qa5prUQnVttvqpyjLC9kEjjsfxN9Y=", "last_login": null, "email": "jess589@email.com", "first_name": "Jess", "last_name": "", "about": "Markdown available, preview below.", "avatar": "default_avatars/blank.png", "is_active": true, "is_admin": false, "skills": []}}, {"model": "accounts.user", "pk": 68, "fields": {"password": "pbkdf2_sha256$180000$wLb3nAUV0dER$7T0x4VMLo1g4wOrfxeotHtsysGz9CU8lAoNCpBW1F1o=", "last_login": null, "email": "jess6565@email.com", "first_name": "Jesss", "last_name": "", "about": "Markdown available, preview below.", "avatar": "default_avatars/blank.png", "is_active": true, "is_admin": false, "skills": []}}, {"model": "accounts.skill", "pk": 1, "fields": {"name": "python"}}, {"model": "accounts.skill", "pk": 2, "fields": {"name": "sql"}}, {"model": "accounts.skill", "pk": 3, "fields": {"name": "java"}}, {"model": "accounts.skill", "pk": 4, "fields": {"name": "css"}}, {"model": "accounts.skill", "pk": 5, "fields": {"name": "javascript"}}, {"model": "accounts.skill", "pk": 6, "fields": {"name": "ai"}}, {"model": "accounts.skill", "pk": 7, "fields": {"name": "c+"}}, {"model": "accounts.skill", "pk": 8, "fields": {"name": "data-structures"}}, {"model": "accounts.skill", "pk": 9, "fields": {"name": "sass"}}, {"model": "accounts.skill", "pk": 10, "fields": {"name": "loops"}}, {"model": "accounts.skill", "pk": 11, "fields": {"name": "testing"}}, {"model": "accounts.skill", "pk": 12, "fields": {"name": "agile"}}, {"model": "accounts.skill", "pk": 13, "fields": {"name": "design"}}, {"model": "accounts.skill", "pk": 14, "fields": {"name": "django"}}, {"model": "accounts.skill", "pk": 15, "fields": {"name": "flask"}}, {"model": "accounts.skill", "pk": 16, "fields": {"name": "react"}}, {"model": "accounts.skill", "pk": 17, "fields": {"name": "angular"}}, {"model": "accounts.skill", "pk": 18, "fields": {"name": "docker"}}, {"model": "accounts.skill", "pk": 19, "fields": {"name": "ttd"}}, {"model": "accounts.skill", "pk": 20, "fields": {"name": "mobile"}}, {"model": "accounts.skill", "pk": 21, "fields": {"name": "responsive"}}, {"model": "accounts.portfolioproject", "pk": 7, "fields": {"user": 59, "name": "Google", "url": "http://www.google.com"}}, {"model": "accounts.portfolioproject", "pk": 8, "fields": {"user": 61, "name": "Google22", "url": "http://google.com"}}, {"model": "accounts.portfolioproject", "pk": 9, "fields": {"user": 1, "name": "Port 1", "url": "https://portfolio1.com"}}, {"model": "accounts.portfolioproject", "pk": 18, "fields": {"user": 1, "name": "Port 2", "url": "https://portfolio2.com"}}, {"model": "accounts.portfolioproject", "pk": 19, "fields": {"user": 66, "name": "Int", "url": "https://int.com"}}, {"model": "projects.project", "pk": 3, "fields": {"owner": 1, "title": "Sample Project Beta", "description": "### Project Description\r\nLorem ipsum dolor sit amet, consectetur adipiscing elit, sed do eiusmod tempor incididunt ut labore et dolore magna aliqua. Ut enim ad minim veniam, quis nostrud exercitation ullamco laboris nisi ut aliquip ex ea commodo consequat.", "time_estimate": 250, "applicant_requirements": "Lorem ipsum dolor sit amet, consectetur adipiscing elit, sed do eiusmod tempor incididunt ut labore et dolore magna aliqua. Ut enim ad minim veniam, quis nostrud exercitation ullamco laboris nisi ut aliquip ex ea commodo consequat.", "status": "A", "created": "2020-01-17T03:57:58.168Z", "slug": "sample-project-beta"}}, {"model": "projects.project", "pk": 5, "fields": {"owner": 1, "title": "Sample Project Delta", "description": "### H3  \r\nLorem ipsum dolor sit amet, consectetur adipiscing elit, sed do eiusmod tempor incididunt ut labore et dolore magna aliqua. Ut enim ad minim veniam, quis nostrud exercitation ullamco laboris nisi ut aliquip ex ea commodo consequat.", "time_estimate": 500, "applicant_requirements": "Lorem ipsum dolor sit amet, consectetur adipiscing elit, sed do eiusmod tempor incididunt ut labore et dolore magna aliqua. Ut enim ad minim veniam, quis nostrud exercitation ullamco laboris nisi ut aliquip ex ea commodo consequat.", "status": "A", "created": "2020-01-17T04:00:33.015Z", "slug": "sample-project-delta"}}, {"model": "projects.project", "pk": 6, "fields": {"owner": 1, "title": "Sample Project Gecko", "description": "### H3  \r\nLorem ipsum dolor sit amet, consectetur adipiscing elit, sed do eiusmod tempor incididunt ut labore et dolore magna aliqua. Ut enim ad minim veniam, quis nostrud exercitation ullamco laboris nisi ut aliquip ex ea commodo consequat.", "time_estimate": 888, "applicant_requirements": "Lorem ipsum dolor sit amet, consectetur adipiscing elit, sed do eiusmod tempor incididunt ut labore et dolore magna aliqua. Ut enim ad minim veniam, quis nostrud exercitation ullamco laboris nisi ut aliquip ex ea commodo consequat.", "status": "C", "created": "2020-01-17T04:12:09.264Z", "slug": "sample-project-gecko"}}, {"model": "projects.project", "pk": 9, "fields": {"owner": 1, "title": "Sample Project Zelda", "description": "### Project Description\r\nLorem ipsum dolor sit amet, consectetur adipiscing elit, sed do eiusmod tempor incididunt ut labore et dolore magna aliqua. Ut enim ad minim veniam, quis nostrud exercitation ullamco laboris nisi ut aliquip ex ea commodo consequat. Duis aute irure dolor in reprehenderit in voluptate velit esse cillum dolore eu fugiat nulla pariatur. Excepteur sint occaecat cupidatat non proident, sunt in culpa qui officia deserunt mollit anim id est laborum.", "time_estimate": 10000, "applicant_requirements": "\"Lorem ipsum dolor sit amet, consectetur adipiscing elit, sed do eiusmod tempor incididunt ut labore et dolore magna aliqua. Ut enim ad minim veniam, quis nostrud exercitation ullamco laboris nisi ut aliquip ex ea commodo consequat. Duis aute irure dolor in reprehenderit in voluptate velit esse cillum dolore eu fugiat nulla pariatur. Excepteur sint occaecat cupidatat non proident, sunt in culpa qui officia deserunt mollit anim id est laborum.\"", "status": "A", "created": "2020-01-17T15:55:55.539Z", "slug": "sample-project-zelda"}}, {"model": "projects.project", "pk": 15, "fields": {"owner": 1, "title": "Sample Project Bravo", "description": "This is short description of the project", "time_estimate": 500, "applicant_requirements": "Be ready", "status": "A", "created": "2020-06-07T04:32:51.760Z", "slug": "sample-project-bravo"}}, {"model": "projects.project", "pk": 16, "fields": {"owner": 1, "title": "Sample Project Echo", "description": "This is a description", "time_estimate": 500, "applicant_requirements": "None", "status": "A", "created": "2020-06-07T05:21:55.827Z", "slug": "sample-project-echo"}}, {"model": "projects.position", "pk": 3, "fields": {"project": 3, "title": "Developer", "description": "### Position Description\r\nLorem ipsum dolor sit amet, consectetur adipiscing elit, sed do eiusmod tempor incididunt ut labore et dolore magna aliqua. Ut enim ad minim veniam, quis nostrud exercitation ullamco laboris nisi ut aliquip ex ea commodo consequat.", "status": "E", "time_estimate": 100, "slug": "developer", "created": "2020-01-17T03:57:58.170Z", "skills": [1, 2, 3, 4, 5, 6, 7, 8, 9, 10, 11, 12, 13, 14, 15, 16, 17, 18, 19, 20, 21]}}, {"model": "projects.position", "pk": 5, "fields": {"project": 5, "title": "Developer", "description": "### H3  \r\nLorem ipsum dolor sit amet, consectetur adipiscing elit, sed do eiusmod tempor incididunt ut labore et dolore magna aliqua. Ut enim ad minim veniam, quis nostrud exercitation ullamco laboris nisi ut aliquip ex ea commodo consequat.", "status": "E", "time_estimate": 500, "slug": "developer", "created": "2020-01-17T04:00:33.017Z", "skills": [1, 2, 3, 5, 7, 8, 10, 11, 12, 14, 15]}}, {"model": "projects.position", "pk": 6, "fields": {"project": 6, "title": "Developer", "description": "### H3  \r\nLorem ipsum dolor sit amet, consectetur adipiscing elit, sed do eiusmod tempor incididunt ut labore et dolore magna aliqua. Ut enim ad minim veniam, quis nostrud exercitation ullamco laboris nisi ut aliquip ex ea commodo consequat.", "status": "E", "time_estimate": 888, "slug": "developer", "created": "2020-01-17T04:12:09.266Z", "skills": [1, 2, 3, 4, 5]}}, {"model": "projects.position", "pk": 13, "fields": {"project": 6, "title": "Back-End Developer", "description": "### H3  \r\nLorem ipsum dolor sit amet, consectetur adipiscing elit, sed do eiusmod tempor incididunt ut labore et dolore magna aliqua. Ut enim ad minim veniam, quis nostrud exercitation ullamco laboris nisi ut aliquip ex ea commodo consequat.", "status": "E", "time_estimate": 500, "slug": "back-end-developer", "created": "2020-01-22T00:57:32.164Z", "skills": [1, 2, 3, 5, 7]}}, {"model": "projects.position", "pk": 14, "fields": {"project": 6, "title": "QA", "description": "### H3  \r\nLorem ipsum dolor sit amet, consectetur adipiscing elit, sed do eiusmod tempor incididunt ut labore et dolore magna aliqua. Ut enim ad minim veniam, quis nostrud exercitation ullamco laboris nisi ut aliquip ex ea commodo consequat.", "status": "E", "time_estimate": 200, "slug": "qa", "created": "2020-01-22T00:57:32.197Z", "skills": [4, 6]}}, {"model": "projects.position", "pk": 15, "fields": {"project": 5, "title": "Designer", "description": "### H3  \r\nLorem ipsum dolor sit amet, consectetur adipiscing elit, sed do eiusmod tempor incididunt ut labore et dolore magna aliqua. Ut enim ad minim veniam, quis nostrud exercitation ullamco laboris nisi ut aliquip ex ea commodo consequat.", "status": "E", "time_estimate": 250, "slug": "designer", "created": "2020-01-22T01:07:36.493Z", "skills": [4, 5, 6, 9, 13, 16, 17, 20, 21]}}, {"model": "projects.position", "pk": 16, "fields": {"project": 5, "title": "Team-Lead", "description": "### H3  \r\nLorem ipsum dolor sit amet, consectetur adipiscing elit, sed do eiusmod tempor incididunt ut labore et dolore magna aliqua. Ut enim ad minim veniam, quis nostrud exercitation ullamco laboris nisi ut aliquip ex ea commodo consequat.", "status": "E", "time_estimate": 500, "slug": "team-lead", "created": "2020-01-22T01:07:36.525Z", "skills": [12, 13, 19]}}, {"model": "projects.position", "pk": 29, "fields": {"project": 6, "title": "Cook", "description": "Make all the food", "status": "E", "time_estimate": 555, "slug": "cook", "created": "2020-06-05T22:34:43.032Z", "skills": [3]}}, {"model": "projects.position", "pk": 32, "fields": {"project": 5, "title": "Testing My_Opps", "description": "testing this ok?", "status": "E", "time_estimate": 200, "slug": "testing-my_opps", "created": "2020-06-07T03:47:17.860Z", "skills": [2]}}, {"model": "projects.position", "pk": 33, "fields": {"project": 15, "title": "Dev", "description": "This is a short description", "status": "E", "time_estimate": 300, "slug": "dev", "created": "2020-06-07T04:32:51.765Z", "skills": [1, 5]}}, {"model": "projects.position", "pk": 34, "fields": {"project": 15, "title": "UX", "description": "This is a UX position", "status": "E", "time_estimate": 333, "slug": "ux", "created": "2020-06-07T05:20:57.813Z", "skills": [4]}}, {"model": "projects.position", "pk": 35, "fields": {"project": 16, "title": "Developer", "description": "This is a description", "status": "E", "time_estimate": 500, "slug": "developer", "created": "2020-06-07T05:21:55.829Z", "skills": [3]}}, {"model": "projects.position", "pk": 36, "fields": {"project": 16, "title": "Backend Dev", "description": "This is a test.", "status": "E", "time_estimate": 500, "slug": "backend-dev", "created": "2020-06-27T05:11:37.234Z", "skills": [1, 3, 4]}}, {"model": "projects.application", "pk": 2, "fields": {"user": 1, "position": 13, "status": "R", "unread": false, "created": "2020-06-02T19:09:44.018Z"}}, {"model": "projects.application", "pk": 7, "fields": {"user": 1, "position": 14, "status": "A", "unread": false, "created": "2020-06-05T04:07:09.937Z"}}, {"model": "projects.application", "pk": 8, "fields": {"user": 1, "position": 6, "status": "R", "unread": false, "created": "2020-06-05T04:07:44.003Z"}}, {"model": "projects.application", "pk": 9, "fields": {"user": 1, "position": 16, "status": "R", "unread": false, "created": "2020-06-05T04:17:00.871Z"}}, {"model": "projects.application", "pk": 11, "fields": {"user": 1, "position": 15, "status": "A", "unread": false, "created": "2020-06-05T19:17:39.337Z"}}, {"model": "projects.application", "pk": 12, "fields": {"user": 1, "position": 3, "status": "A", "unread": false, "created": "2020-06-05T19:22:10.693Z"}}, {"model": "projects.application", "pk": 13, "fields": {"user": 1, "position": 5, "status": "R", "unread": false, "created": "2020-06-05T19:23:41.593Z"}}, {"model": "projects.application", "pk": 14, "fields": {"user": 1, "position": 29, "status": "A", "unread": false, "created": "2020-06-05T23:29:21.700Z"}}, {"model": "projects.application", "pk": 16, "fields": {"user": 1, "position": 32, "status": "A", "unread": false, "created": "2020-06-07T04:15:36.466Z"}}, {"model": "projects.application", "pk": 17, "fields": {"user": 1, "position": 34, "status": "A", "unread": false, "created": "2020-06-08T02:42:21.901Z"}}, {"model": "projects.application", "pk": 18, "fields": {"user": 59, "position": 15, "status": "R", "unread": true, "created": "2020-06-08T02:48:42.122Z"}}, {"model": "projects.application", "pk": 19, "fields": {"user": 61, "position": 34, "status": "R", "unread": true, "created": "2020-06-08T04:29:37.632Z"}}, {"model": "projects.application", "pk": 20, "fields": {"user": 1, "position": 35, "status": "R", "unread": false, "created": "2020-06-08T04:40:07.497Z"}}, {"model": "projects.application", "pk": 21, "fields": {"user": 61, "position": 35, "status": "A", "unread": false, "created": "2020-06-08T04:40:37.125Z"}}, {"model": "projects.application", "pk": 22, "fields": {"user": 1, "position": 33, "status": "R", "unread": false, "created": "2020-06-08T04:55:58.359Z"}}, {"model": "projects.application", "pk": 23, "fields": {"user": 61, "position": 3, "status": "R", "unread": true, "created": "2020-06-08T04:56:31.355Z"}}, {"model": "projects.application", "pk": 24, "fields": {"user": 61, "position": 33, "status": "A", "unread": false, "created": "2020-06-08T04:57:47.238Z"}}, {"model": "projects.application", "pk": 25, "fields": {"user": 1, "position": 36, "status": "R", "unread": false, "created": "2020-07-02T19:57:40.011Z"}}, {"model": "auth.permission", "pk": 1, "fields": {"name": "Can add log entry", "content_type": 1, "codename": "add_logentry"}}, {"model": "auth.permission", "pk": 2, "fields": {"name": "Can change log entry", "content_type": 1, "codename": "change_logentry"}}, {"model": "auth.permission", "pk": 3, "fields": {"name": "Can delete log entry", "content_type": 1, "codename": "delete_logentry"}}, {"model": "auth.permission", "pk": 4, "fields": {"name": "Can view log entry", "content_type": 1, "codename": "view_logentry"}}, {"model": "auth.permission", "pk": 5, "fields": {"name": "Can add permission", "content_type": 2, "codename": "add_permission"}}, {"model": "auth.permission", "pk": 6, "fields": {"name": "Can change permission", "content_type": 2, "codename": "change_permission"}}, {"model": "auth.permission", "pk": 7, "fields": {"name": "Can delete permission", "content_type": 2, "codename": "delete_permission"}}, {"model": "auth.permission", "pk": 8, "fields": {"name": "Can view permission", "content_type": 2, "codename": "view_permission"}}, {"model": "auth.permission", "pk": 9, "fields": {"name": "Can add group", "content_type": 3, "codename": "add_group"}}, {"model": "auth.permission", "pk": 10, "fields": {"name": "Can change group", "content_type": 3, "codename": "change_group"}}, {"model": "auth.permission", "pk": 11, "fields": {"name": "Can delete group", "content_type": 3, "codename": "delete_group"}}, {"model": "auth.permission", "pk": 12, "fields": {"name": "Can view group", "content_type": 3, "codename": "view_group"}}, {"model": "auth.permission", "pk": 13, "fields": {"name": "Can add content type", "content_type": 4, "codename": "add_contenttype"}}, {"model": "auth.permission", "pk": 14, "fields": {"name": "Can change content type", "content_type": 4, "codename": "change_contenttype"}}, {"model": "auth.permission", "pk": 15, "fields": {"name": "Can delete content type", "content_type": 4, "codename": "delete_contenttype"}}, {"model": "auth.permission", "pk": 16, "fields": {"name": "Can view content type", "content_type": 4, "codename": "view_contenttype"}}, {"model": "auth.permission", "pk": 17, "fields": {"name": "Can add session", "content_type": 5, "codename": "add_session"}}, {"model": "auth.permission", "pk": 18, "fields": {"name": "Can change session", "content_type": 5, "codename": "change_session"}}, {"model": "auth.permission", "pk": 19, "fields": {"name": "Can delete session", "content_type": 5, "codename": "delete_session"}}, {"model": "auth.permission", "pk": 20, "fields": {"name": "Can view session", "content_type": 5, "codename": "view_session"}}, {"model": "auth.permission", "pk": 21, "fields": {"name": "Can add user", "content_type": 6, "codename": "add_user"}}, {"model": "auth.permission", "pk": 22, "fields": {"name": "Can change user", "content_type": 6, "codename": "change_user"}}, {"model": "auth.permission", "pk": 23, "fields": {"name": "Can delete user", "content_type": 6, "codename": "delete_user"}}, {"model": "auth.permission", "pk": 24, "fields": {"name": "Can view user", "content_type": 6, "codename": "view_user"}}, {"model": "auth.permission", "pk": 25, "fields": {"name": "Can add skill", "content_type": 7, "codename": "add_skill"}}, {"model": "auth.permission", "pk": 26, "fields": {"name": "Can change skill", "content_type": 7, "codename": "change_skill"}}, {"model": "auth.permission", "pk": 27, "fields": {"name": "Can delete skill", "content_type": 7, "codename": "delete_skill"}}, {"model": "auth.permission", "pk": 28, "fields": {"name": "Can view skill", "content_type": 7, "codename": "view_skill"}}, {"model": "auth.permission", "pk": 29, "fields": {"name": "Can add portfolio project", "content_type": 8, "codename": "add_portfolioproject"}}, {"model": "auth.permission", "pk": 30, "fields": {"name": "Can change portfolio project", "content_type": 8, "codename": "change_portfolioproject"}}, {"model": "auth.permission", "pk": 31, "fields": {"name": "Can delete portfolio project", "content_type": 8, "codename": "delete_portfolioproject"}}, {"model": "auth.permission", "pk": 32, "fields": {"name": "Can view portfolio project", "content_type": 8, "codename": "view_portfolioproject"}}, {"model": "auth.permission", "pk": 33, "fields": {"name": "Can add project", "content_type": 9, "codename": "add_project"}}, {"model": "auth.permission", "pk": 34, "fields": {"name": "Can change project", "content_type": 9, "codename": "change_project"}}, {"model": "auth.permission", "pk": 35, "fields": {"name": "Can delete project", "content_type": 9, "codename": "delete_project"}}, {"model": "auth.permission", "pk": 36, "fields": {"name": "Can view project", "content_type": 9, "codename": "view_project"}}, {"model": "auth.permission", "pk": 37, "fields": {"name": "Can add position", "content_type": 10, "codename": "add_position"}}, {"model": "auth.permission", "pk": 38, "fields": {"name": "Can change position", "content_type": 10, "codename": "change_position"}}, {"model": "auth.permission", "pk": 39, "fields": {"name": "Can delete position", "content_type": 10, "codename": "delete_position"}}, {"model": "auth.permission", "pk": 40, "fields": {"name": "Can view position", "content_type": 10, "codename": "view_position"}}, {"model": "auth.permission", "pk": 41, "fields": {"name": "Can add application", "content_type": 11, "codename": "add_application"}}, {"model": "auth.permission", "pk": 42, "fields": {"name": "Can change application", "content_type": 11, "codename": "change_application"}}, {"model": "auth.permission", "pk": 43, "fields": {"name": "Can delete application", "content_type": 11, "codename": "delete_application"}}, {"model": "auth.permission", "pk": 44, "fields": {"name": "Can view application", "content_type": 11, "codename": "view_application"}}, {"model": "admin.logentry", "pk": 1, "fields": {"action_time": "2020-01-16T20:53:35.179Z", "user": 1, "content_type": 7, "object_id": "1", "object_repr": "python", "action_flag": 1, "change_message": "[{\"added\": {}}]"}}, {"model": "admin.logentry", "pk": 2, "fields": {"action_time": "2020-01-16T20:53:42.615Z", "user": 1, "content_type": 7, "object_id": "2", "object_repr": "sql", "action_flag": 1, "change_message": "[{\"added\": {}}]"}}, {"model": "admin.logentry", "pk": 3, "fields": {"action_time": "2020-01-16T20:53:46.530Z", "user": 1, "content_type": 7, "object_id": "3", "object_repr": "java", "action_flag": 1, "change_message": "[{\"added\": {}}]"}}, {"model": "admin.logentry", "pk": 4, "fields": {"action_time": "2020-01-16T20:53:54.766Z", "user": 1, "content_type": 7, "object_id": "4", "object_repr": "css", "action_flag": 1, "change_message": "[{\"added\": {}}]"}}, {"model": "admin.logentry", "pk": 5, "fields": {"action_time": "2020-01-16T20:54:04.474Z", "user": 1, "content_type": 7, "object_id": "5", "object_repr": "javascript", "action_flag": 1, "change_message": "[{\"added\": {}}]"}}, {"model": "admin.logentry", "pk": 6, "fields": {"action_time": "2020-01-16T20:54:19.670Z", "user": 1, "content_type": 9, "object_id": "1", "object_repr": "Mark's Project", "action_flag": 1, "change_message": "[{\"added\": {}}, {\"added\": {\"name\": \"position\", \"object\": \"Team-Lead\"}}]"}}, {"model": "admin.logentry", "pk": 7, "fields": {"action_time": "2020-01-16T21:01:40.413Z", "user": 1, "content_type": 9, "object_id": "1", "object_repr": "Mark's Project", "action_flag": 2, "change_message": "[{\"changed\": {\"fields\": [\"Status\"]}}]"}}, {"model": "admin.logentry", "pk": 8, "fields": {"action_time": "2020-01-17T04:13:43.646Z", "user": 1, "content_type": 9, "object_id": "2", "object_repr": "Alpha", "action_flag": 2, "change_message": "[{\"changed\": {\"fields\": [\"Status\"]}}, {\"changed\": {\"name\": \"position\", \"object\": \"Alpha\", \"fields\": [\"Skills\"]}}]"}}, {"model": "admin.logentry", "pk": 9, "fields": {"action_time": "2020-01-17T04:14:11.005Z", "user": 1, "content_type": 9, "object_id": "3", "object_repr": "Beta", "action_flag": 2, "change_message": "[{\"changed\": {\"fields\": [\"Status\"]}}, {\"changed\": {\"name\": \"position\", \"object\": \"Beta\", \"fields\": [\"Skills\"]}}]"}}, {"model": "admin.logentry", "pk": 10, "fields": {"action_time": "2020-01-17T04:14:22.589Z", "user": 1, "content_type": 9, "object_id": "4", "object_repr": "Charlie", "action_flag": 2, "change_message": "[{\"changed\": {\"fields\": [\"Status\"]}}, {\"changed\": {\"name\": \"position\", \"object\": \"Charlie\", \"fields\": [\"Skills\"]}}]"}}, {"model": "admin.logentry", "pk": 11, "fields": {"action_time": "2020-01-17T04:14:33.799Z", "user": 1, "content_type": 9, "object_id": "5", "object_repr": "Delta", "action_flag": 2, "change_message": "[{\"changed\": {\"fields\": [\"Status\"]}}, {\"changed\": {\"name\": \"position\", \"object\": \"Delta\", \"fields\": [\"Skills\"]}}]"}}, {"model": "admin.logentry", "pk": 12, "fields": {"action_time": "2020-01-17T04:14:48.357Z", "user": 1, "content_type": 9, "object_id": "6", "object_repr": "Gecko", "action_flag": 2, "change_message": "[{\"changed\": {\"name\": \"position\", \"object\": \"Gecko\", \"fields\": [\"Skills\"]}}]"}}, {"model": "admin.logentry", "pk": 13, "fields": {"action_time": "2020-01-17T05:12:09.165Z", "user": 1, "content_type": 8, "object_id": "1", "object_repr": "Ebay", "action_flag": 1, "change_message": "[{\"added\": {}}]"}}, {"model": "admin.logentry", "pk": 14, "fields": {"action_time": "2020-01-17T16:07:53.429Z", "user": 1, "content_type": 7, "object_id": "6", "object_repr": "ai", "action_flag": 1, "change_message": "[{\"added\": {}}]"}}, {"model": "admin.logentry", "pk": 15, "fields": {"action_time": "2020-01-17T16:09:07.264Z", "user": 1, "content_type": 7, "object_id": "7", "object_repr": "c+", "action_flag": 1, "change_message": "[{\"added\": {}}]"}}, {"model": "admin.logentry", "pk": 16, "fields": {"action_time": "2020-01-17T16:09:49.565Z", "user": 1, "content_type": 9, "object_id": "9", "object_repr": "Z Project", "action_flag": 2, "change_message": "[{\"changed\": {\"fields\": [\"Title\", \"Description\", \"Applicant requirements\", \"Slug\"]}}, {\"added\": {\"name\": \"position\", \"object\": \"Graphic Artist\"}}, {\"added\": {\"name\": \"position\", \"object\": \"QA\"}}, {\"changed\": {\"name\": \"position\", \"object\": \"Operations\", \"fields\": [\"Title\", \"Description\", \"Skills\"]}}, {\"changed\": {\"name\": \"position\", \"object\": \"UX\", \"fields\": [\"Title\", \"Description\", \"Skills\"]}}]"}}, {"model": "admin.logentry", "pk": 17, "fields": {"action_time": "2020-01-17T16:10:35.024Z", "user": 1, "content_type": 9, "object_id": "9", "object_repr": "Z Project", "action_flag": 2, "change_message": "[{\"changed\": {\"fields\": [\"Slug\"]}}]"}}, {"model": "admin.logentry", "pk": 18, "fields": {"action_time": "2020-01-17T16:11:45.537Z", "user": 1, "content_type": 11, "object_id": "1", "object_repr": "Mark was Accepted for UX", "action_flag": 3, "change_message": ""}}, {"model": "admin.logentry", "pk": 19, "fields": {"action_time": "2020-01-17T19:05:01.084Z", "user": 1, "content_type": 9, "object_id": "9", "object_repr": "Zelda Project", "action_flag": 2, "change_message": "[{\"changed\": {\"fields\": [\"Status\"]}}]"}}, {"model": "admin.logentry", "pk": 20, "fields": {"action_time": "2020-01-17T19:05:18.275Z", "user": 1, "content_type": 11, "object_id": "2", "object_repr": "Mark was Accepted for Graphic Artist", "action_flag": 3, "change_message": ""}}, {"model": "admin.logentry", "pk": 21, "fields": {"action_time": "2020-01-20T02:51:51.703Z", "user": 1, "content_type": 8, "object_id": "2", "object_repr": "Google", "action_flag": 1, "change_message": "[{\"added\": {}}]"}}, {"model": "admin.logentry", "pk": 22, "fields": {"action_time": "2020-01-22T00:54:47.931Z", "user": 1, "content_type": 9, "object_id": "8", "object_repr": "Glasses", "action_flag": 3, "change_message": ""}}, {"model": "admin.logentry", "pk": 23, "fields": {"action_time": "2020-01-22T00:54:47.984Z", "user": 1, "content_type": 9, "object_id": "7", "object_repr": "Hacker", "action_flag": 3, "change_message": ""}}, {"model": "admin.logentry", "pk": 24, "fields": {"action_time": "2020-01-22T00:54:47.995Z", "user": 1, "content_type": 9, "object_id": "1", "object_repr": "Mark's Project", "action_flag": 3, "change_message": ""}}, {"model": "admin.logentry", "pk": 25, "fields": {"action_time": "2020-01-22T00:55:13.739Z", "user": 1, "content_type": 9, "object_id": "9", "object_repr": "Zelda Project", "action_flag": 2, "change_message": "[]"}}, {"model": "admin.logentry", "pk": 26, "fields": {"action_time": "2020-01-22T00:57:32.228Z", "user": 1, "content_type": 9, "object_id": "6", "object_repr": "Gecko", "action_flag": 2, "change_message": "[{\"changed\": {\"fields\": [\"Description\"]}}, {\"added\": {\"name\": \"position\", \"object\": \"Back-End Developer\"}}, {\"added\": {\"name\": \"position\", \"object\": \"QA\"}}, {\"changed\": {\"name\": \"position\", \"object\": \"Developer\", \"fields\": [\"Title\", \"Description\"]}}]"}}, {"model": "admin.logentry", "pk": 27, "fields": {"action_time": "2020-01-22T00:59:28.351Z", "user": 1, "content_type": 6, "object_id": "11", "object_repr": "Active ", "action_flag": 3, "change_message": ""}}, {"model": "admin.logentry", "pk": 28, "fields": {"action_time": "2020-01-22T00:59:34.696Z", "user": 1, "content_type": 6, "object_id": "30", "object_repr": "Blank ", "action_flag": 3, "change_message": ""}}, {"model": "admin.logentry", "pk": 29, "fields": {"action_time": "2020-01-22T00:59:43.819Z", "user": 1, "content_type": 6, "object_id": "18", "object_repr": "MSN ", "action_flag": 3, "change_message": ""}}, {"model": "admin.logentry", "pk": 30, "fields": {"action_time": "2020-01-22T00:59:54.507Z", "user": 1, "content_type": 6, "object_id": "22", "object_repr": "New ", "action_flag": 3, "change_message": ""}}, {"model": "admin.logentry", "pk": 31, "fields": {"action_time": "2020-01-22T00:59:54.521Z", "user": 1, "content_type": 6, "object_id": "29", "object_repr": "NewUser NewUser", "action_flag": 3, "change_message": ""}}, {"model": "admin.logentry", "pk": 32, "fields": {"action_time": "2020-01-22T01:00:07.245Z", "user": 1, "content_type": 6, "object_id": "12", "object_repr": "Regex ", "action_flag": 3, "change_message": ""}}, {"model": "admin.logentry", "pk": 33, "fields": {"action_time": "2020-01-22T01:00:34.932Z", "user": 1, "content_type": 6, "object_id": "21", "object_repr": "Date ", "action_flag": 3, "change_message": ""}}, {"model": "admin.logentry", "pk": 34, "fields": {"action_time": "2020-01-22T01:01:37.117Z", "user": 1, "content_type": 11, "object_id": "3", "object_repr": "Mark was Accepted for Graphic Artist", "action_flag": 3, "change_message": ""}}, {"model": "admin.logentry", "pk": 35, "fields": {"action_time": "2020-01-22T01:03:04.106Z", "user": 1, "content_type": 7, "object_id": "8", "object_repr": "data-structures", "action_flag": 1, "change_message": "[{\"added\": {}}]"}}, {"model": "admin.logentry", "pk": 36, "fields": {"action_time": "2020-01-22T01:03:16.739Z", "user": 1, "content_type": 7, "object_id": "9", "object_repr": "sass", "action_flag": 1, "change_message": "[{\"added\": {}}]"}}, {"model": "admin.logentry", "pk": 37, "fields": {"action_time": "2020-01-22T01:03:24.726Z", "user": 1, "content_type": 7, "object_id": "10", "object_repr": "loops", "action_flag": 1, "change_message": "[{\"added\": {}}]"}}, {"model": "admin.logentry", "pk": 38, "fields": {"action_time": "2020-01-22T01:03:35.277Z", "user": 1, "content_type": 7, "object_id": "11", "object_repr": "testing", "action_flag": 1, "change_message": "[{\"added\": {}}]"}}, {"model": "admin.logentry", "pk": 39, "fields": {"action_time": "2020-01-22T01:03:38.967Z", "user": 1, "content_type": 7, "object_id": "12", "object_repr": "agile", "action_flag": 1, "change_message": "[{\"added\": {}}]"}}, {"model": "admin.logentry", "pk": 40, "fields": {"action_time": "2020-01-22T01:03:50.754Z", "user": 1, "content_type": 7, "object_id": "13", "object_repr": "design", "action_flag": 1, "change_message": "[{\"added\": {}}]"}}, {"model": "admin.logentry", "pk": 41, "fields": {"action_time": "2020-01-22T01:04:08.440Z", "user": 1, "content_type": 7, "object_id": "14", "object_repr": "django", "action_flag": 1, "change_message": "[{\"added\": {}}]"}}, {"model": "admin.logentry", "pk": 42, "fields": {"action_time": "2020-01-22T01:04:13.538Z", "user": 1, "content_type": 7, "object_id": "15", "object_repr": "flask", "action_flag": 1, "change_message": "[{\"added\": {}}]"}}, {"model": "admin.logentry", "pk": 43, "fields": {"action_time": "2020-01-22T01:04:17.068Z", "user": 1, "content_type": 7, "object_id": "16", "object_repr": "react", "action_flag": 1, "change_message": "[{\"added\": {}}]"}}, {"model": "admin.logentry", "pk": 44, "fields": {"action_time": "2020-01-22T01:04:22.763Z", "user": 1, "content_type": 7, "object_id": "17", "object_repr": "angular", "action_flag": 1, "change_message": "[{\"added\": {}}]"}}, {"model": "admin.logentry", "pk": 45, "fields": {"action_time": "2020-01-22T01:04:27.881Z", "user": 1, "content_type": 7, "object_id": "18", "object_repr": "docker", "action_flag": 1, "change_message": "[{\"added\": {}}]"}}, {"model": "admin.logentry", "pk": 46, "fields": {"action_time": "2020-01-22T01:04:34.575Z", "user": 1, "content_type": 7, "object_id": "19", "object_repr": "ttd", "action_flag": 1, "change_message": "[{\"added\": {}}]"}}, {"model": "admin.logentry", "pk": 47, "fields": {"action_time": "2020-01-22T01:04:41.269Z", "user": 1, "content_type": 7, "object_id": "20", "object_repr": "mobile", "action_flag": 1, "change_message": "[{\"added\": {}}]"}}, {"model": "admin.logentry", "pk": 48, "fields": {"action_time": "2020-01-22T01:04:47.410Z", "user": 1, "content_type": 7, "object_id": "21", "object_repr": "responsive", "action_flag": 1, "change_message": "[{\"added\": {}}]"}}, {"model": "admin.logentry", "pk": 49, "fields": {"action_time": "2020-01-22T01:05:24.136Z", "user": 1, "content_type": 9, "object_id": "9", "object_repr": "Zelda", "action_flag": 2, "change_message": "[{\"changed\": {\"fields\": [\"Title\", \"Status\", \"Slug\"]}}]"}}, {"model": "admin.logentry", "pk": 50, "fields": {"action_time": "2020-01-22T01:05:46.823Z", "user": 1, "content_type": 9, "object_id": "6", "object_repr": "Gecko", "action_flag": 2, "change_message": "[{\"changed\": {\"fields\": [\"Applicant requirements\"]}}]"}}, {"model": "admin.logentry", "pk": 51, "fields": {"action_time": "2020-01-22T01:07:36.556Z", "user": 1, "content_type": 9, "object_id": "5", "object_repr": "Delta", "action_flag": 2, "change_message": "[{\"changed\": {\"fields\": [\"Description\"]}}, {\"added\": {\"name\": \"position\", \"object\": \"Designer\"}}, {\"added\": {\"name\": \"position\", \"object\": \"Team-Lead\"}}, {\"changed\": {\"name\": \"position\", \"object\": \"Developer\", \"fields\": [\"Title\", \"Description\", \"Skills\"]}}]"}}, {"model": "admin.logentry", "pk": 52, "fields": {"action_time": "2020-01-22T01:07:51.811Z", "user": 1, "content_type": 9, "object_id": "5", "object_repr": "Delta", "action_flag": 2, "change_message": "[{\"changed\": {\"fields\": [\"Applicant requirements\"]}}]"}}, {"model": "admin.logentry", "pk": 53, "fields": {"action_time": "2020-01-22T01:08:37.109Z", "user": 1, "content_type": 9, "object_id": "4", "object_repr": "Charlie", "action_flag": 2, "change_message": "[{\"changed\": {\"fields\": [\"Description\", \"Applicant requirements\"]}}, {\"changed\": {\"name\": \"position\", \"object\": \"QA\", \"fields\": [\"Title\", \"Description\", \"Skills\"]}}]"}}, {"model": "admin.logentry", "pk": 54, "fields": {"action_time": "2020-01-22T01:09:17.699Z", "user": 1, "content_type": 9, "object_id": "3", "object_repr": "Beta", "action_flag": 2, "change_message": "[{\"changed\": {\"fields\": [\"Description\", \"Applicant requirements\"]}}, {\"changed\": {\"name\": \"position\", \"object\": \"Developer\", \"fields\": [\"Title\", \"Description\", \"Skills\", \"Time estimate\"]}}]"}}, {"model": "admin.logentry", "pk": 55, "fields": {"action_time": "2020-01-22T01:11:10.739Z", "user": 1, "content_type": 9, "object_id": "2", "object_repr": "Alpha", "action_flag": 2, "change_message": "[{\"changed\": {\"fields\": [\"Description\", \"Applicant requirements\"]}}, {\"added\": {\"name\": \"position\", \"object\": \"Front-End Developer\"}}, {\"added\": {\"name\": \"position\", \"object\": \"Team-Lead\"}}, {\"changed\": {\"name\": \"position\", \"object\": \"UX\", \"fields\": [\"Title\", \"Description\", \"Skills\"]}}]"}}, {"model": "admin.logentry", "pk": 56, "fields": {"action_time": "2020-01-24T04:02:31.196Z", "user": 1, "content_type": 6, "object_id": "32", "object_repr": "Testing 123", "action_flag": 3, "change_message": ""}}, {"model": "admin.logentry", "pk": 57, "fields": {"action_time": "2020-06-08T05:01:59.926Z", "user": 1, "content_type": 11, "object_id": "24", "object_repr": "Jessica applied to Dev", "action_flag": 2, "change_message": "[{\"changed\": {\"fields\": [\"Status\", \"Unread\"]}}]"}}, {"model": "admin.logentry", "pk": 58, "fields": {"action_time": "2020-06-08T05:01:59.933Z", "user": 1, "content_type": 11, "object_id": "21", "object_repr": "Jessica applied to Developer", "action_flag": 2, "change_message": "[{\"changed\": {\"fields\": [\"Status\", \"Unread\"]}}]"}}, {"model": "admin.logentry", "pk": 59, "fields": {"action_time": "2020-06-08T05:01:59.937Z", "user": 1, "content_type": 11, "object_id": "20", "object_repr": "Mark applied to Developer", "action_flag": 2, "change_message": "[{\"changed\": {\"fields\": [\"Status\", \"Unread\"]}}]"}}, {"model": "admin.logentry", "pk": 60, "fields": {"action_time": "2020-06-08T05:01:59.941Z", "user": 1, "content_type": 11, "object_id": "19", "object_repr": "Jessica applied to UX", "action_flag": 2, "change_message": "[{\"changed\": {\"fields\": [\"Status\", \"Unread\"]}}]"}}, {"model": "admin.logentry", "pk": 61, "fields": {"action_time": "2020-06-08T05:01:59.944Z", "user": 1, "content_type": 11, "object_id": "18", "object_repr": "Jess applied to Designer", "action_flag": 2, "change_message": "[{\"changed\": {\"fields\": [\"Status\", \"Unread\"]}}]"}}]